Workbook

Sheet Attendance 10 FEMALES
A1: SN | B1: Name (English) | C1: Name (Arabic) | D1: Academic ID | E1: 45931 | F1: 45936 | G1: 45937 | H1: 45938 | I1: 45943 | J1: 45945 | K1: 45950 | L1: 45952 | M1: 45957 | N1: 45959 | O1: 45964 | P1: 45966 | Q1: 45971 | R1: 45973 | S1: 45992 | T1: 45994 | U1: 45999 | V1: 46001 | W1: 46006 | X1: 46008 | Y1: 46013 | Z1: 46015 | AA1: 46020 | AB1: 46021 | AC1: Total Absent | AD1: Total Attendence | AE1: Total Points
A2: 1 | B2: Maryam Nasser Khalid Yousef | C2: مريم ناصر خالد يوسف | D2: 331072239 | E2: Present | F2: Present | G2: Present | H2: Present | I2: Present | J2: Present | K2: Present | L2: Present | M2: Present | N2: Present | O2: Present | P2: Absent | Q2: Present | R2: Present | S2: Present | T2: Present | U2: Absent | V2: Present | W2: Present | X2: Present | Y2: Present | Z2: Present | AA2: Present | AB2: Present | AC2: =COUNTIF(E2:AB2,"Absent") -> 2 | AD2: =COUNTIF(E2:AB2,"Present") -> 22 | AE2: =(AD2*5)+(AC2*-5) -> 100
A3: 2 | B3: Amal Fahad Majed Marwan | C3: أمل فهد ماجد مروان | D3: 368255186 | E3: Present | F3: Present | G3: Present | H3: Present | I3: Present | J3: Present | K3: Present | L3: Absent | M3: Present | N3: Present | O3: Present | P3: Present | Q3: Present | R3: Absent | S3: Present | T3: Present | U3: Absent | V3: Present | W3: Present | X3: Absent | Y3: Absent | Z3: Present | AA3: Absent | AB3: Absent | AC3: =COUNTIF(E3:AB3,"Absent") -> 7 | AD3: =COUNTIF(E3:AB3,"Present") -> 17 | AE3: =(AD3*5)+(AC3*-5) -> 50
A4: 3 | B4: Aljoharah Hussam Sultan Waleed | C4: الجوهرة حسام سلطان وليد | D4: 405438133 | E4: Present | F4: Present | G4: Absent | H4: Present | I4: Present | J4: Present | K4: Present | L4: Present | M4: Absent | N4: Present | O4: Present | P4: Present | Q4: Present | R4: Present | S4: Present | T4: Present | U4: Absent | V4: Present | W4: Present | X4: Absent | Y4: Present | Z4: Present | AA4: Present | AB4: Present | AC4: =COUNTIF(E4:AB4,"Absent") -> 4 | AD4: =COUNTIF(E4:AB4,"Present") -> 20 | AE4: =(AD4*5)+(AC4*-5) -> 80
A5: 4 | B5: Leen Ahmed Hussein Nawaf | C5: لين أحمد حسين نواف | D5: 442621080 | E5: Present | F5: Present | G5: Present | H5: Present | I5: Present | J5: Absent | K5: Present | L5: Present | M5: Present | N5: Present | O5: Present | P5: Present | Q5: Present | R5: Present | S5: Present | T5: Present | U5: Present | V5: Present | W5: Present | X5: Absent | Y5: Present | Z5: Present | AA5: Present | AB5: Present | AC5: =COUNTIF(E5:AB5,"Absent") -> 2 | AD5: =COUNTIF(E5:AB5,"Present") -> 22 | AE5: =(AD5*5)+(AC5*-5) -> 100
A6: 5 | B6: Ghina Omar Rayan Yazeed | C6: غنى عمر ريان يزيد | D6: 479804027 | E6: Present | F6: Present | G6: Present | H6: Present | I6: Absent | J6: Present | K6: Present | L6: Present | M6: Present | N6: Present | O6: Present | P6: Present | Q6: Absent | R6: Present | S6: Present | T6: Present | U6: Present | V6: Present | W6: Absent | X6: Absent | Y6: Absent | Z6: Absent | AA6: Present | AB6: Absent | AC6: =COUNTIF(E6:AB6,"Absent") -> 7 | AD6: =COUNTIF(E6:AB6,"Present") -> 17 | AE6: =(AD6*5)+(AC6*-5) -> 50
A7: 6 | B7: Hatoon Saif Mansour Ibrahim | C7: هتون سيف منصور إبراهيم | D7: 516986974 | E7: Present | F7: Absent | G7: Absent | H7: Present | I7: Present | J7: Present | K7: Present | L7: Present | M7: Present | N7: Absent | O7: Present | P7: Present | Q7: Absent | R7: Present | S7: Present | T7: Present | U7: Present | V7: Absent | W7: Present | X7: Present | Y7: Present | Z7: Present | AA7: Absent | AB7: Present | AC7: =COUNTIF(E7:AB7,"Absent") -> 6 | AD7: =COUNTIF(E7:AB7,"Present") -> 18 | AE7: =(AD7*5)+(AC7*-5) -> 60
A8: 7 | B8: Wafa Abdullah Iyad Bassam | C8: وفاء عبدالله إياد بسام | D8: 554169921 | E8: Present | F8: Present | G8: Present | H8: Present | I8: Present | J8: Present | K8: Present | L8: Present | M8: Present | N8: Present | O8: Absent | P8: Absent | Q8: Present | R8: Present | S8: Absent | T8: Present | U8: Present | V8: Present | W8: Absent | X8: Present | Y8: Present | Z8: Present | AA8: Absent | AB8: Absent | AC8: =COUNTIF(E8:AB8,"Absent") -> 6 | AD8: =COUNTIF(E8:AB8,"Present") -> 18 | AE8: =(AD8*5)+(AC8*-5) -> 60
A9: 8 | B9: Amani Saad Nayef Hamad | C9: أماني سعد نايف حمد | D9: 591352868 | E9: Present | F9: Present | G9: Present | H9: Present | I9: Present | J9: Present | K9: Present | L9: Present | M9: Present | N9: Present | O9: Present | P9: Present | Q9: Present | R9: Present | S9: Present | T9: Present | U9: Absent | V9: Present | W9: Present | X9: Present | Y9: Present | Z9: Absent | AA9: Excused absence | AB9: Present | AC9: =COUNTIF(E9:AB9,"Absent") -> 2 | AD9: =COUNTIF(E9:AB9,"Present") -> 21 | AE9: =(AD9*5)+(AC9*-5) -> 95
A10: 9 | B10: Moudi Hamed Hamad Tamim | C10: موضي حامد حمد تميم | D10: 628535815 | E10: Present | F10: Present | G10: Absent | H10: Present | I10: Present | J10: Excused absence | K10: Present | L10: Present | M10: Present | N10: Present | O10: Absent | P10: Absent | Q10: Present | R10: Present | S10: Absent | T10: Present | U10: Present | V10: Present | W10: Present | X10: Present | Y10: Absent | Z10: Present | AA10: Absent | AB10: Present | AC10: =COUNTIF(E10:AB10,"Absent") -> 6 | AD10: =COUNTIF(E10:AB10,"Present") -> 17 | AE10: =(AD10*5)+(AC10*-5) -> 55
A11: 10 | B11: Layan Ziyad Adnan Omar | C11: ليان زياد عدنان عمر | D11: 665718762 | E11: Present | F11: Present | G11: Present | H11: Present | I11: Present | J11: Present | K11: Present | L11: Present | M11: Present | N11: Present | O11: Present | P11: Present | Q11: Present | R11: Present | S11: Absent | T11: Present | U11: Present | V11: Absent | W11: Absent | X11: Absent | Y11: Absent | Z11: Present | AA11: Present | AB11: Present | AC11: =COUNTIF(E11:AB11,"Absent") -> 5 | AD11: =COUNTIF(E11:AB11,"Present") -> 19 | AE11: =(AD11*5)+(AC11*-5) -> 70
A12: 11 | B12: Rawan Rayan Rakan Fawaz | C12: روان ريان راكان فواز | D12: 702901709 | E12: Present | F12: Present | G12: Present | H12: Present | I12: Present | J12: Present | K12: Present | L12: Present | M12: Present | N12: Present | O12: Present | P12: Present | Q12: Present | R12: Present | S12: Present | T12: Present | U12: Absent | V12: Present | W12: Present | X12: Excused absence | Y12: Present | Z12: Present | AA12: Present | AB12: Absent | AC12: =COUNTIF(E12:AB12,"Absent") -> 2 | AD12: =COUNTIF(E12:AB12,"Present") -> 21 | AE12: =(AD12*5)+(AC12*-5) -> 95
A13: 12 | B13: Sarah Faisal Mohannad Yousef | C13: سارة فيصل مهند يوسف | D13: 740084656 | E13: Present | F13: Present | G13: Present | H13: Present | I13: Present | J13: Absent | K13: Present | L13: Absent | M13: Present | N13: Present | O13: Absent | P13: Absent | Q13: Present | R13: Present | S13: Present | T13: Present | U13: Present | V13: Absent | W13: Present | X13: Present | Y13: Present | Z13: Present | AA13: Present | AB13: Excused absence | AC13: =COUNTIF(E13:AB13,"Absent") -> 5 | AD13: =COUNTIF(E13:AB13,"Present") -> 18 | AE13: =(AD13*5)+(AC13*-5) -> 65
... A38: 37 | B38: Maryam Mansour Ayman Tariq | C38: مريم منصور أيمن طارق | D38: 669658331 | E38: Present | F38: Excused absence | G38: Present | H38: Present | I38: Present | J38: Present | K38: Absent | L38: Present | M38: Present | N38: Present | O38: Present | P38: Present | Q38: Present | R38: Present | S38: Absent | T38: Present | U38: Absent | V38: Present | W38: Absent | X38: Excused absence | Y38: Present | Z38: Absent | AA38: Present | AB38: Excused absence | AC38: =COUNTIF(E38:AB38,"Absent") -> 5 | AD38: =COUNTIF(E38:AB38,"Present") -> 16 | AE38: =(AD38*5)+(AC38*-5) -> 55
A39: 38 | B39: Lana Rashid Abdulaziz Muath | C39: لانا راشد عبدالعزيز معاذ | D39: 706841278 | E39: Present | F39: Absent | G39: Excused absence | H39: Present | I39: Absent | J39: Present | K39: Absent | L39: Absent | M39: Present | N39: Present | O39: Absent | P39: Absent | Q39: Present | R39: Absent | S39: إضافة جديدة من 8 ديسمبر | U39: Absent | V39: Absent | W39: Absent | X39: Absent | Y39: Absent | Z39: Absent | AA39: Present | AB39: Present | AC39: =COUNTIF(E39:AB39,"Absent") -> 13 | AD39: =COUNTIF(E39:AB39,"Present") -> 8 | AE39: =(AD39*5)+(AC39*-5) -> -25
A40: 39 | E40: Present | F40: Present | G40: Present | H40: Present | I40: Present | J40: Present | K40: Absent | L40: Present | M40: Present | N40: Excused absence | O40: Absent | P40: Present | Q40: Present | R40: Present | S40: Present | T40: Absent | U40: Absent | V40: Present | W40: Absent | X40: Present | Y40: Absent | Z40: Absent | AA40: Present | AB40: Absent | AC40: =COUNTIF(E40:AB40,"Absent") -> 8 | AD40: =COUNTIF(E40:AB40,"Present") -> 15 | AE40: =(AD40*5)+(AC40*-5) -> 35
E41: Absent | F41: Present | G41: Present | H41: Present | I41: Present | J41: Present | K41: Present | L41: Excused absence | M41: Absent | N41: Present | O41: Absent | P41: Present | Q41: Present | R41: Present | S41: Present | T41: Absent | U41: Present | V41: Present | W41: Absent | X41: Present | Y41: Absent | Z41: Present | AA41: Excused absence | AB41: Absent | AC41: Present | AD41: Present | AE41: Present
E42: Absent | F42: Present | G42: Excused absence | H42: Absent | I42: Present | J42: Present | K42: Absent | L42: Present | M42: Present | N42: Present | O42: Present | P42: Present | Q42: Present | R42: Absent | S42: Present | T42: Absent | U42: Present | V42: Present | W42: Present | X42: Present | Y42: Present | Z42: Present | AA42: Absent | AB42: Absent | AC42: Present | AD42: Present | AE42: Present
E43: Present | F43: Present | G43: Absent | H43: Present | I43: Present | J43: Present | K43: Present | L43: Present | M43: Absent | N43: Absent | O43: Present | P43: Present | Q43: Present | R43: Present | S43: Present | T43: Absent | U43: Absent | V43: Present | W43: Excused absence | X43: Present | Y43: Present | Z43: Present | AA43: Excused absence | AB43: Absent | AC43: Present | AD43: Excused absence | AE43: Present
E44: Absent | F44: Present | G44: Present | H44: Present | I44: Present | J44: Present | K44: Present | L44: Present | M44: Absent | N44: Present | O44: Present | P44: Present | Q44: Present | R44: Present | S44: Present | T44: Present | U44: Present | V44: Absent | W44: Present | X44: Absent | Y44: Absent | Z44: Present | AA44: Present | AB44: Absent | AC44: Absent | AD44: Absent | AE44: Present
A45: There is no data | C45: First Online Session (Special Case) | E45: Absent | F45: Present | G45: Absent | H45: Absent | I45: Absent | J45: Excused absence | K45: Absent | L45: Excused absence | M45: Absent | N45: Absent | O45: Absent | P45: Absent | Q45: Absent | R45: Absent | S45: Present | T45: Present | U45: Present | V45: Present | W45: Excused absence | X45: Present | Y45: Absent | Z45: Present | AA45: Excused absence | AB45: Absent | AC45: Excused absence | AD45: Present | AE45: Present
A46: The point where I stopped | E46: Present | F46: Present | G46: Present | H46: Present | I46: Present | J46: Present | K46: Present | L46: Absent | M46: Present | N46: Present | O46: Present | P46: Present | Q46: Present | R46: Present | S46: Present | T46: Present | U46: Present | V46: Absent | W46: Absent | X46: Present | Y46: Present | Z46: Present | AA46: Present | AB46: Present | AC46: Present | AD46: Absent | AE46: Present

Sheet Attendance 11 FEMALES
A1: SN | B1: Name (English) | C1: Name (Arabic) | D1: Academic ID | E1: 45931 | F1: 45936 | G1: 45937 | H1: 45938 | I1: 45943 | J1: 45945 | K1: 45950 | L1: 45952 | M1: 45957 | N1: 45959 | O1: 45964 | P1: 45966 | Q1: 45971 | R1: 45973 | S1: 45992 | T1: 45994 | U1: 45999 | V1: 46001 | W1: 46006 | X1: 46008 | Y1: 46013 | Z1: 46015 | AA1: 46020 | AB1: 46022 | AC1: Total Absent | AD1: Total Attendence | AE1: Total Points
A2: 1 | B2: Reema Rayan Nawaf Abdullah | C2: ريما ريان نواف عبدالله | D2: 333072239 | E2: Present | F2: Absent | G2: Present | H2: Present | I2: Present | J2: Excused absence | K2: Present | L2: Absent | M2: Present | N2: Present | O2: Absent | P2: Present | Q2: Present | R2: Absent | S2: Absent | T2: Present | U2: Absent | V2: Absent | W2: Absent | X2: Present | Y2: Present | Z2: Absent | AA2: Excused absence | AB2: Excused absence | AC2: =COUNTIF(E2:AB2,"Absent") -> 9 | AD2: =COUNTIF(E2:AB2,"Present") -> 12 | AE2: =(AD2*5)+(AC2*-5) -> 15
A3: 2 | B3: Reema Jaber Abdullah Mazen | C3: ريما جابر عبدالله مازن | D3: 370255186 | E3: Excused absence | F3: Present | G3: Present | H3: Present | I3: Present | J3: Present | K3: Present | L3: Present | M3: Present | N3: Present | O3: Present | P3: Present | Q3: Present | R3: Present | S3: Present | T3: Present | U3: Present | V3: Absent | W3: Absent | X3: Present | Y3: Present | Z3: Present | AA3: Absent | AB3: Present | AC3: =COUNTIF(E3:AB3,"Absent") -> 3 | AD3: =COUNTIF(E3:AB3,"Present") -> 20 | AE3: =(AD3*5)+(AC3*-5) -> 85
A4: 3 | B4: Ghada Nayef Yazeed Marwan | C4: غادة نايف يزيد مروان | D4: 407438133 | E4: Present | F4: Present | G4: Present | H4: Excused absence | I4: Present | J4: Present | K4: Absent | L4: Present | M4: Present | N4: Absent | O4: Absent | P4: Present | Q4: Present | R4: Absent | S4: Absent | T4: Absent | U4: Absent | V4: Present | W4: Absent | X4: Present | Y4: Present | Z4: Absent | AA4: Absent | AB4: Present | AC4: =COUNTIF(E4:AB4,"Absent") -> 10 | AD4: =COUNTIF(E4:AB4,"Present") -> 13 | AE4: =(AD4*5)+(AC4*-5) -> 15
A5: 4 | B5: Raghad Faisal Anas Yousef | C5: رغد فيصل أنس يوسف | D5: 444621080 | E5: Absent | F5: Present | G5: Present | H5: Present | I5: Present | J5: Present | K5: Absent | L5: Absent | M5: Present | N5: Present | O5: Present | P5: Absent | Q5: Present | R5: Absent | S5: Absent | T5: Present | U5: Present | V5: Absent | W5: Present | X5: Present | Y5: Present | Z5: Present | AA5: Present | AB5: Absent | AC5: =COUNTIF(E5:AB5,"Absent") -> 8 | AD5: =COUNTIF(E5:AB5,"Present") -> 16 | AE5: =(AD5*5)+(AC5*-5) -> 40
A6: 5 | B6: Atheer Hussam Majed Ali | C6: أثير حسام ماجد علي | D6: 481804027 | E6: Absent | F6: Absent | G6: Absent | H6: Present | I6: Present | J6: Present | K6: Present | L6: Present | M6: Absent | N6: Present | O6: Present | P6: Present | Q6: Present | R6: Present | S6: Absent | T6: Present | U6: Absent | V6: Present | W6: Absent | X6: Present | Y6: Present | Z6: Absent | AA6: Present | AB6: Present | AC6: =COUNTIF(E6:AB6,"Absent") -> 8 | AD6: =COUNTIF(E6:AB6,"Present") -> 16 | AE6: =(AD6*5)+(AC6*-5) -> 40
A7: 6 | B7: Wadha Hussein Mazen Abdulmalik | C7: وضحى حسين مازن عبدالملك | D7: 518986974 | E7: Present | F7: Present | G7: Present | H7: Present | I7: Excused absence | J7: Excused absence | K7: Absent | L7: Present | M7: Present | N7: Present | O7: Present | P7: Present | Q7: Present | R7: Present | S7: Present | T7: Present | U7: Present | V7: Absent | W7: Absent | X7: Absent | Y7: Present | Z7: Present | AA7: Present | AB7: Present | AC7: =COUNTIF(E7:AB7,"Absent") -> 4 | AD7: =COUNTIF(E7:AB7,"Present") -> 18 | AE7: =(AD7*5)+(AC7*-5) -> 70
A8: 7 | B8: Jana Abdullah Badr Ziyad | C8: جنى عبدالله بدر زياد | D8: 556169921 | E8: Absent | F8: Present | G8: Present | H8: Present | I8: Present | J8: Present | K8: Absent | L8: Present | M8: Present | N8: Present | O8: Present | P8: Present | Q8: Present | R8: Absent | S8: Present | T8: Present | U8: Present | V8: Present | W8: Absent | X8: Present | Y8: Present | Z8: Present | AA8: Present | AB8: Present | AC8: =COUNTIF(E8:AB8,"Absent") -> 4 | AD8: =COUNTIF(E8:AB8,"Present") -> 20 | AE8: =(AD8*5)+(AC8*-5) -> 80
A9: 8 | B9: Afnan Saleh Abdulrahman Badr | C9: أفنان صالح عبدالرحمن بدر | D9: 593352868 | E9: Excused absence | F9: Excused absence | G9: Present | H9: Excused absence | I9: Excused absence | J9: Excused absence | K9: Absent | L9: Absent | M9: Present | N9: Present | O9: Absent | P9: Present | Q9: Absent | R9: Present | S9: Absent | T9: Absent | U9: Absent | V9: Absent | W9: Absent | X9: Absent | Y9: Absent | Z9: Present | AA9: Present | AB9: Present | AC9: =COUNTIF(E9:AB9,"Absent") -> 11 | AD9: =COUNTIF(E9:AB9,"Present") -> 8 | AE9: =(AD9*5)+(AC9*-5) -> -15
A10: 9 | B10: Haneen Marwan Mansour Hadi | C10: حنين مروان منصور هادي | D10: 630535815 | E10: Present | F10: Present | G10: Absent | H10: Present | I10: Present | J10: Present | K10: Absent | L10: Present | M10: Present | N10: Absent | O10: Present | P10: Absent | Q10: Present | R10: Present | S10: Absent | T10: Present | U10: Absent | V10: Present | W10: Present | X10: Present | Y10: Absent | Z10: Present | AA10: Present | AB10: Present | AC10: =COUNTIF(E10:AB10,"Absent") -> 7 | AD10: =COUNTIF(E10:AB10,"Present") -> 17 | AE10: =(AD10*5)+(AC10*-5) -> 50
A11: 10 | B11: Fatimah Saleh Saud Ali | C11: فاطمة صالح سعود علي | D11: 667718762 | E11: Present | F11: Present | G11: Present | H11: Absent | I11: Present | J11: Present | K11: Absent | L11: Present | M11: Present | N11: Absent | O11: Present | P11: Present | Q11: Present | R11: Absent | S11: Absent | T11: Present | U11: Absent | V11: Present | W11: Absent | X11: Excused absence | Y11: Present | Z11: Present | AA11: Present | AB11: Absent | AC11: =COUNTIF(E11:AB11,"Absent") -> 8 | AD11: =COUNTIF(E11:AB11,"Present") -> 15 | AE11: =(AD11*5)+(AC11*-5) -> 35
A12: 11 | B12: Fatimah Basheer Nayef Faris | C12: فاطمة بشير نايف فارس | D12: 704901709 | E12: Absent | F12: Absent | G12: Present | H12: Absent | I12: Absent | J12: Absent | K12: Absent | L12: Absent | M12: Absent | N12: Absent | O12: Present | P12: Present | Q12: Absent | R12: Present | S12: Absent | T12: Absent | U12: Absent | V12: Absent | W12: Absent | X12: Excused absence | Y12: Present | Z12: Present | AA12: Absent | AB12: Absent | AC12: =COUNTIF(E12:AB12,"Absent") -> 17 | AD12: =COUNTIF(E12:AB12,"Present") -> 6 | AE12: =(AD12*5)+(AC12*-5) -> -55
A13: 12 | B13: Mashael Rami Marwan Basheer | C13: مشاعل رامي مروان بشير | D13: 742084656 | E13: Present | F13: Present | G13: Present | H13: Present | I13: Absent | J13: Present | K13: Absent | L13: Present | M13: Present | N13: Present | O13: Present | P13: Present | Q13: Present | R13: Present | S13: Present | T13: Present | U13: Absent | V13: Absent | W13: Present | X13: Absent | Y13: Absent | Z13: Absent | AA13: Present | AB13: Absent | AC13: =COUNTIF(E13:AB13,"Absent") -> 8 | AD13: =COUNTIF(E13:AB13,"Present") -> 16 | AE13: =(AD13*5)+(AC13*-5) -> 40
... A40: 39 | B40: Haya Saleh Rakan Rayan | C40: هيا صالح راكان ريان | D40: 746024225 | E40: Absent | F40: Absent | G40: Absent | H40: Absent | I40: Present | J40: Present | K40: Present | L40: Present | M40: Present | N40: Absent | O40: Absent | P40: Absent | Q40: Present | R40: Present | S40: Present | T40: Present | U40: Present | V40: Present | W40: Absent | X40: Excused absence | Y40: Present | Z40: Present | AA40: Present | AB40: Present | AC40: =COUNTIF(E40:AB40,"Absent") -> 8 | AD40: =COUNTIF(E40:AB40,"Present") -> 15 | AE40: =(AD40*5)+(AC40*-5) -> 35
B41: Isra Abdulaziz Mishari Ayman | C41: إسراء عبدالعزيز مشاري أيمن | D41: 783207172 | E41: إضافة جديدة من تاريخ 12 ديسمبر | V41: Present | W41: Absent | X41: Present | Y41: Absent | Z41: Present | AA41: Present | AB41: Present | AC41: =COUNTIF(E41:AB41,"Absent") -> 2 | AD41: =COUNTIF(E41:AB41,"Present") -> 5 | AE41: =(AD41*5)+(AC41*-5) -> 15
E42: Present | F42: Present | G42: Present | H42: Absent | I42: Present | J42: Present | K42: Present | L42: Present | M42: Present | N42: Present | O42: Absent | P42: Present | Q42: Present | R42: Absent | S42: Absent | T42: Present | U42: Absent | V42: Present | W42: Present | X42: Absent | Y42: Present | Z42: Present | AA42: Absent | AB42: Excused absence | AC42: Present | AD42: Absent | AE42: Present

Sheet Attendance 12 FEMALES
A1: SN | B1: Name (English) | C1: Name (Arabic) | D1: Academic ID | E1: 45931 | F1: 45936 | G1: 45937 | H1: 45938 | I1: 45943 | J1: 45945 | K1: 45950 | L1: 45952 | M1: 45957 | N1: 45959 | O1: 45964 | P1: 45966 | Q1: 45971 | R1: 45973 | S1: 45992 | T1: 45994 | U1: 45999 | V1: 46001 | W1: 46006 | X1: 46008 | Y1: 46013 | Z1: 46015 | AA1: 46020 | AB1: 45961 | AC1: Total Absent | AD1: Total Attendence | AE1: Total Points
A2: 1 | B2: Isra Hassan Salem Ayman | C2: إسراء حسن سالم أيمن | D2: 335072239 | E2: Present | F2: Present | G2: Excused absence | H2: Present | I2: Present | J2: Absent | K2: Present | L2: Present | M2: Present | N2: Present | O2: Absent | P2: Present | Q2: Present | R2: Present | S2: Absent | T2: Absent | U2: Absent | V2: Present | W2: Absent | X2: Present | Y2: Absent | Z2: Present | AA2: Present | AB2: Present | AC2: =COUNTIF(E2:AB2,"Absent") -> 7 | AD2: =COUNTIF(E2:AB2,"Present") -> 16 | AE2: =(AD2*5)+(AC2*-5) -> 45
A3: 2 | B3: Maha Faisal Saud Hussein | C3: مها فيصل سعود حسين | D3: 372255186 | E3: Present | F3: Present | G3: Present | H3: Present | I3: Present | J3: Present | K3: Absent | L3: Present | M3: Present | N3: Present | O3: Absent | P3: Present | Q3: Present | R3: Present | S3: Absent | T3: Present | U3: Present | V3: Present | W3: Absent | X3: Present | Y3: Present | Z3: Present | AA3: Absent | AB3: Present | AC3: =COUNTIF(E3:AB3,"Absent") -> 5 | AD3: =COUNTIF(E3:AB3,"Present") -> 19 | AE3: =(AD3*5)+(AC3*-5) -> 70
A4: 3 | B4: Haneen Faris Bassam Tariq | C4: حنين فارس بسام طارق | D4: 409438133 | E4: Present | F4: Present | G4: Present | H4: Present | I4: Present | J4: Present | K4: Present | L4: Present | M4: Present | N4: Present | O4: Present | P4: Present | Q4: Present | R4: Present | S4: Absent | T4: Absent | U4: Present | V4: Present | W4: Present | X4: Absent | Y4: Present | Z4: Absent | AA4: Present | AB4: Present | AC4: =COUNTIF(E4:AB4,"Absent") -> 4 | AD4: =COUNTIF(E4:AB4,"Present") -> 20 | AE4: =(AD4*5)+(AC4*-5) -> 80
A5: 4 | B5: Hoor Muath Mohannad Badr | C5: حور معاذ مهند بدر | D5: 446621080 | E5: Present | F5: Present | G5: Present | H5: Present | I5: Present | J5: Present | K5: Present | L5: Present | M5: Present | N5: Present | O5: Present | P5: Absent | Q5: Present | R5: Present | S5: Absent | T5: Absent | U5: Present | V5: Present | W5: Absent | X5: Present | Y5: Present | Z5: Present | AA5: Excused absence | AB5: Present | AC5: =COUNTIF(E5:AB5,"Absent") -> 4 | AD5: =COUNTIF(E5:AB5,"Present") -> 19 | AE5: =(AD5*5)+(AC5*-5) -> 75
A6: 5 | B6: Lana Hassan Saad Abdulmalik | C6: لانا حسن سعد عبدالملك | D6: 483804027 | E6: Excused absence | F6: Present | G6: Absent | H6: Present | I6: Present | J6: Present | K6: Present | L6: Present | M6: Present | N6: Present | O6: Present | P6: Present | Q6: Present | R6: Present | S6: Present | T6: Absent | U6: Present | V6: Absent | W6: Present | X6: Present | Y6: Present | Z6: Present | AA6: Absent | AB6: Present | AC6: =COUNTIF(E6:AB6,"Absent") -> 4 | AD6: =COUNTIF(E6:AB6,"Present") -> 19 | AE6: =(AD6*5)+(AC6*-5) -> 75
A7: 6 | B7: Muneerah Saqr Abdullah Saad | C7: منيرة صقر عبدالله سعد | D7: 520986974 | E7: Present | F7: Excused absence | G7: Absent | H7: Present | I7: Absent | J7: Present | K7: Present | L7: Absent | M7: Present | N7: Present | O7: Absent | P7: Present | Q7: Absent | R7: Absent | S7: Absent | T7: Absent | U7: Absent | V7: Absent | W7: Absent | X7: Present | Y7: Present | Z7: Present | AA7: Excused absence | AB7: Absent | AC7: =COUNTIF(E7:AB7,"Absent") -> 12 | AD7: =COUNTIF(E7:AB7,"Present") -> 10 | AE7: =(AD7*5)+(AC7*-5) -> -10
A8: 7 | B8: Mashael Hamad Tariq Yousef | C8: مشاعل حمد طارق يوسف | D8: 558169921 | E8: Excused absence | F8: Present | G8: Absent | H8: Present | I8: Absent | J8: Present | K8: Present | L8: Absent | M8: Present | N8: Present | O8: Present | P8: Absent | Q8: Present | R8: Present | S8: Present | T8: Absent | U8: Present | V8: Absent | W8: Absent | X8: Absent | Y8: Present | Z8: Present | AA8: Present | AB8: Absent | AC8: =COUNTIF(E8:AB8,"Absent") -> 9 | AD8: =COUNTIF(E8:AB8,"Present") -> 14 | AE8: =(AD8*5)+(AC8*-5) -> 25
A9: 8 | B9: Maha Salman Hazem Saad | C9: مها سلمان حازم سعد | D9: 595352868 | E9: Present | F9: Present | G9: Present | H9: Present | I9: Present | J9: Present | K9: Present | L9: Present | M9: Present | N9: Present | O9: Present | P9: Present | Q9: Present | R9: Present | S9: Absent | T9: Present | U9: Absent | V9: Present | W9: Absent | X9: Present | Y9: Absent | Z9: Present | AA9: Absent | AB9: Present | AC9: =COUNTIF(E9:AB9,"Absent") -> 5 | AD9: =COUNTIF(E9:AB9,"Present") -> 19 | AE9: =(AD9*5)+(AC9*-5) -> 70
A10: 9 | B10: Ghala Thamer Ayman Tariq | C10: غلا ثامر أيمن طارق | D10: 632535815 | E10: Present | F10: Present | G10: Present | H10: Present | I10: Present | J10: Present | K10: Present | L10: Present | M10: Absent | N10: Present | O10: Absent | P10: Absent | Q10: Present | R10: Present | S10: Absent | T10: Present | U10: Absent | V10: Absent | W10: Absent | X10: Absent | Y10: Present | Z10: Present | AA10: Present | AB10: Present | AC10: =COUNTIF(E10:AB10,"Absent") -> 8 | AD10: =COUNTIF(E10:AB10,"Present") -> 16 | AE10: =(AD10*5)+(AC10*-5) -> 40
A11: 10 | B11: Dima Muath Fawaz Hamed | C11: ديما معاذ فواز حامد | D11: 669718762 | E11: Present | F11: Excused absence | G11: Present | H11: Present | I11: Present | J11: Present | K11: Absent | L11: Absent | M11: Present | N11: Absent | O11: Present | P11: Absent | Q11: Present | R11: Absent | S11: Present | T11: Absent | U11: Present | V11: Present | W11: Present | X11: Present | Y11: Present | Z11: Present | AA11: Present | AB11: Excused absence | AC11: =COUNTIF(E11:AB11,"Absent") -> 6 | AD11: =COUNTIF(E11:AB11,"Present") -> 16 | AE11: =(AD11*5)+(AC11*-5) -> 50
A12: 11 | B12: Latifah Yazeed Adnan Mohammed | C12: لطيفة يزيد عدنان محمد | D12: 706901709 | E12: Present | F12: Absent | G12: Present | H12: Present | I12: Present | J12: Present | K12: Present | L12: Present | M12: Present | N12: Absent | O12: Absent | P12: Absent | Q12: Absent | R12: Present | S12: Present | T12: Present | U12: Absent | V12: Absent | W12: Absent | X12: Present | Y12: Present | Z12: Present | AA12: Absent | AB12: Present | AC12: =COUNTIF(E12:AB12,"Absent") -> 9 | AD12: =COUNTIF(E12:AB12,"Present") -> 15 | AE12: =(AD12*5)+(AC12*-5) -> 30
A13: 12 | B13: Asmaa Mohannad Mansour Ayman | C13: أسماء مهند منصور أيمن | D13: 744084656 | E13: Present | F13: Present | G13: Absent | H13: Present | I13: Present | J13: Present | K13: Present | L13: Present | M13: Present | N13: Present | O13: Present | P13: Present | Q13: Present | R13: Present | S13: Present | T13: Present | U13: Absent | V13: Present | W13: Absent | X13: Present | Y13: Present | Z13: Present | AA13: Present | AB13: Absent | AC13: =COUNTIF(E13:AB13,"Absent") -> 4 | AD13: =COUNTIF(E13:AB13,"Present") -> 20 | AE13: =(AD13*5)+(AC13*-5) -> 80
... A34: 33 | B34: Sarah Tariq Hazem Munther | C34: سارة طارق حازم منذر | D34: 524926543 | E34: Absent | F34: Absent | G34: Present | H34: Present | I34: Present | J34: Present | K34: Present | L34: Absent | M34: Present | N34: Present | O34: Absent | P34: Absent | Q34: Absent | R34: Absent | S34: Absent | T34: Absent | U34: Present | V34: Present | W34: Absent | X34: Excused absence | Y34: Present | Z34: Present | AA34: Present | AB34: Absent | AC34: =COUNTIF(E34:AB34,"Absent") -> 11 | AD34: =COUNTIF(E34:AB34,"Present") -> 12 | AE34: =(AD34*5)+(AC34*-5) -> 5
B35: Hatoon Abdulmalik Muath Badr | C35: هتون عبدالملك معاذ بدر | D35: 562109490 | E35: إضافـــــــــــــــــــــــــــــــــــــــــة جديدة من 3 ديسمبر | T35: Present | U35: Absent | V35: Absent | W35: Absent | X35: Absent | Y35: Present | Z35: Present | AA35: Present | AB35: Present | AC35: =COUNTIF(E35:AB35,"Absent") -> 4 | AD35: =COUNTIF(E35:AB35,"Present") -> 5 | AE35: =(AD35*5)+(AC35*-5) -> 5
B36: Moudi Turki Adel Ayman | C36: موضي تركي عادل أيمن | D36: 599292437 | T36: Present | U36: Absent | V36: Absent | W36: Present | X36: Present | Y36: Absent | Z36: Absent | AA36: Present | AB36: Present | AC36: =COUNTIF(E36:AB36,"Absent") -> 4 | AD36: =COUNTIF(E36:AB36,"Present") -> 5 | AE36: =(AD36*5)+(AC36*-5) -> 5
E37: Present | F37: Present | G37: Absent | H37: Present | I37: Present | J37: Present | K37: Present | L37: Present | M37: Present | N37: Present | O37: Present | P37: Present | Q37: Absent | R37: Absent | S37: Present | T37: Present | U37: Present | V37: Present | W37: Absent | X37: Present | Y37: Excused absence | Z37: Present | AA37: Present | AB37: Absent | AC37: Present | AD37: Present | AE37: Present

Sheet Attendance 10 MALES
A1: SN | B1: Name (English) | C1: Name (Arabic) | D1: Academic ID | E1: 45931 | F1: 45936 | G1: 45937 | H1: 45938 | I1: 45943 | J1: 45945 | K1: 45950 | L1: 45952 | M1: 45957 | N1: 45959 | O1: 45964 | P1: 45966 | Q1: 45971 | R1: 45973 | S1: 45992 | T1: 45994 | U1: 45999 | V1: 46001 | W1: 46006 | X1: 46008 | Y1: 46013 | Z1: 46015 | AA1: 46020 | AB1: 45961 | AC1: Total Absent | AD1: Total Attendence | AE1: Total Points
A2: 1 | B2: Hamad Ahmed Nawaf Mohannad | C2: حمد أحمد نواف مهند | D2: 332072239 | E2: Present | F2: Present | G2: Present | H2: Present | I2: Present | J2: Present | K2: Present | L2: Present | M2: Present | N2: Present | O2: Absent | P2: Present | Q2: Absent | R2: Present | S2: Present | T2: Present | U2: Present | V2: Present | W2: Present | X2: Present | Y2: Present | Z2: Present | AA2: Present | AB2: Present | AC2: =COUNTIF(E2:AB2,"Absent") -> 2 | AD2: =COUNTIF(E2:AB2,"Present") -> 22 | AE2: =(AD2*5)+(AC2*-5) -> 100
A3: 2 | B3: Majed Mohammed Salman Marwan | C3: ماجد محمد سلمان مروان | D3: 369255186 | E3: Present | F3: Absent | G3: Present | H3: Absent | I3: Present | J3: Present | K3: Absent | L3: Absent | M3: Present | N3: Absent | O3: Absent | P3: Absent | Q3: Absent | R3: Absent | S3: Absent | T3: Absent | U3: Absent | V3: Absent | W3: Absent | X3: Present | Y3: Present | Z3: Present | AA3: Present | AB3: Present | AC3: =COUNTIF(E3:AB3,"Absent") -> 14 | AD3: =COUNTIF(E3:AB3,"Present") -> 10 | AE3: =(AD3*5)+(AC3*-5) -> -20
A4: 3 | B4: Adnan Munther Abdullah Majed | C4: عدنان منذر عبدالله ماجد | D4: 406438133 | E4: Present | F4: Present | G4: Present | H4: Present | I4: Present | J4: Present | K4: Present | L4: Present | M4: Present | N4: Present | O4: Present | P4: Present | Q4: Absent | R4: Present | S4: Absent | T4: Absent | U4: Present | V4: Present | W4: Absent | X4: Present | Y4: Present | Z4: Present | AA4: Present | AB4: Present | AC4: =COUNTIF(E4:AB4,"Absent") -> 4 | AD4: =COUNTIF(E4:AB4,"Present") -> 20 | AE4: =(AD4*5)+(AC4*-5) -> 80
A5: 4 | B5: Abdulmalik Nasser Ahmed Abdulmalik | C5: عبدالملك ناصر أحمد عبدالملك | D5: 443621080 | E5: Present | F5: Present | G5: Present | H5: Present | I5: Absent | J5: Present | K5: Present | L5: Present | M5: Absent | N5: Present | O5: Present | P5: Present | Q5: Present | R5: Present | S5: Absent | T5: Present | U5: Absent | V5: Present | W5: Absent | X5: Present | Y5: Present | Z5: Present | AA5: Present | AB5: Present | AC5: =COUNTIF(E5:AB5,"Absent") -> 5 | AD5: =COUNTIF(E5:AB5,"Present") -> 19 | AE5: =(AD5*5)+(AC5*-5) -> 70
A6: 5 | B6: Iyad Basheer Omar Saud | C6: إياد بشير عمر سعود | D6: 480804027 | E6: Absent | F6: Absent | G6: Present | H6: Absent | I6: Present | J6: Present | K6: Present | L6: Present | M6: Absent | N6: Present | O6: Present | P6: Present | Q6: Present | R6: Present | S6: Absent | T6: Absent | U6: Absent | V6: Absent | W6: Absent | X6: Present | Y6: Present | Z6: Present | AA6: Present | AB6: Present | AC6: =COUNTIF(E6:AB6,"Absent") -> 9 | AD6: =COUNTIF(E6:AB6,"Present") -> 15 | AE6: =(AD6*5)+(AC6*-5) -> 30
A7: 6 | B7: Khalid Ali Saad Tariq | C7: خالد علي سعد طارق | D7: 517986974 | E7: Present | F7: Present | G7: Absent | H7: Present | I7: Present | J7: Present | K7: Present | L7: Present | M7: Present | N7: Present | O7: Present | P7: Present | Q7: Present | R7: Present | S7: Absent | T7: Present | U7: Present | V7: Present | W7: Present | X7: Present | Y7: Present | Z7: Present | AA7: Present | AB7: Present | AC7: =COUNTIF(E7:AB7,"Absent") -> 2 | AD7: =COUNTIF(E7:AB7,"Present") -> 22 | AE7: =(AD7*5)+(AC7*-5) -> 100
A8: 7 | B8: Marwan Munther Hamad Nayef | C8: مروان منذر حمد نايف | D8: 555169921 | E8: Present | F8: Absent | G8: Present | H8: Present | I8: Present | J8: Present | K8: Present | L8: Present | M8: Present | N8: Present | O8: Absent | P8: Present | Q8: Present | R8: Present | S8: Absent | T8: Absent | U8: Present | V8: Absent | W8: Absent | X8: Present | Y8: Present | Z8: Present | AA8: Present | AB8: Present | AC8: =COUNTIF(E8:AB8,"Absent") -> 6 | AD8: =COUNTIF(E8:AB8,"Present") -> 18 | AE8: =(AD8*5)+(AC8*-5) -> 60
A9: 8 | B9: Jihad Saad Mohannad Mohammed | C9: جهاد سعد مهند محمد | D9: 592352868 | E9: Present | F9: Excused absence | G9: Present | H9: Present | I9: Present | J9: Excused absence | K9: Present | L9: Absent | M9: Absent | N9: Present | O9: Present | P9: Present | Q9: Absent | R9: Present | S9: Present | T9: Present | U9: Absent | V9: Present | W9: Present | X9: Present | Y9: Present | Z9: Present | AA9: Present | AB9: Present | AC9: =COUNTIF(E9:AB9,"Absent") -> 4 | AD9: =COUNTIF(E9:AB9,"Present") -> 18 | AE9: =(AD9*5)+(AC9*-5) -> 70
A10: 9 | B10: Anas Khalid Faris Saad | C10: أنس خالد فارس سعد | D10: 629535815 | E10: Present | F10: Present | G10: Present | H10: Present | I10: Present | J10: Present | K10: Present | L10: Present | M10: Present | N10: Absent | O10: Absent | P10: Present | Q10: Present | R10: Present | S10: Absent | T10: Absent | U10: Present | V10: Present | W10: Present | X10: Present | Y10: Present | Z10: Present | AA10: Present | AB10: Present | AC10: =COUNTIF(E10:AB10,"Absent") -> 4 | AD10: =COUNTIF(E10:AB10,"Present") -> 20 | AE10: =(AD10*5)+(AC10*-5) -> 80
A11: 10 | B11: Ibrahim Sami Nawaf Badr | C11: إبراهيم سامي نواف بدر | D11: 666718762 | E11: Present | F11: Present | G11: Present | H11: Present | I11: Present | J11: Present | K11: Present | L11: Present | M11: Present | N11: Absent | O11: Present | P11: Present | Q11: Present | R11: Present | S11: Absent | T11: Absent | U11: Absent | V11: Absent | W11: Absent | X11: Present | Y11: Present | Z11: Present | AA11: Present | AB11: Present | AC11: =COUNTIF(E11:AB11,"Absent") -> 6 | AD11: =COUNTIF(E11:AB11,"Present") -> 18 | AE11: =(AD11*5)+(AC11*-5) -> 60
A12: 11 | B12: Tamim Rami Abdulaziz Muath | C12: تميم رامي عبدالعزيز معاذ | D12: 703901709 | E12: Present | F12: Present | G12: Present | H12: Present | I12: Present | J12: Present | K12: Present | L12: Present | M12: Present | N12: Present | O12: Present | P12: Absent | Q12: Present | R12: Present | S12: Present | T12: Present | U12: Present | V12: Present | W12: Absent | X12: Present | Y12: Present | Z12: Present | AA12: Present | AB12: Present | AC12: =COUNTIF(E12:AB12,"Absent") -> 2 | AD12: =COUNTIF(E12:AB12,"Present") -> 22 | AE12: =(AD12*5)+(AC12*-5) -> 100
A13: 12 | B13: Ahmed Hadi Yasser Abdulrahman | C13: أحمد هادي ياسر عبدالرحمن | D13: 741084656 | E13: Present | F13: Present | G13: Present | H13: Excused absence | I13: Present | J13: Present | K13: Absent | L13: Absent | M13: Absent | N13: Absent | O13: Absent | P13: Absent | Q13: Absent | R13: Absent | S13: Absent | T13: Absent | U13: Absent | V13: Absent | W13: Absent | X13: Present | Y13: Present | Z13: Present | AA13: Present | AB13: Present | AC13: =COUNTIF(E13:AB13,"Absent") -> 13 | AD13: =COUNTIF(E13:AB13,"Present") -> 10 | AE13: =(AD13*5)+(AC13*-5) -> -15
... A38: 37 | B38: Hassan Mazen Faris Adel | C38: حسن مازن فارس عادل | D38: 670658331 | E38: Excused absence | F38: Present | G38: Present | H38: Absent | I38: Absent | J38: Absent | K38: Present | L38: Present | M38: Present | N38: Present | O38: Present | P38: Present | Q38: Present | R38: Present | S38: Absent | T38: Present | U38: Present | V38: Present | W38: Present | X38: Present | Y38: Present | Z38: Present | AA38: Present | AB38: Present | AC38: =COUNTIF(E38:AB38,"Absent") -> 4 | AD38: =COUNTIF(E38:AB38,"Present") -> 19 | AE38: =(AD38*5)+(AC38*-5) -> 75

Sheet Attendance 11 MALES
A1: SN | B1: Name (English) | C1: Name (Arabic) | D1: Academic ID | E1: 45931 | F1: 45936 | G1: 45937 | H1: 45938 | I1: 45943 | J1: 45945 | K1: 45950 | L1: 45952 | M1: 45957 | N1: 45959 | O1: 45964 | P1: 45966 | Q1: 45971 | R1: 45973 | S1: 45992 | T1: 45994 | U1: 45999 | V1: 46001 | W1: 46006 | X1: 46008 | Y1: 46013 | Z1: 46015 | AA1: 46020 | AB1: 45961 | AC1: Total Absent | AD1: Total Attendence | AE1: Total Points
A2: 1 | B2: Nawaf Tamim Sami Omar | C2: نواف تميم سامي عمر | D2: 334072239 | E2: Present | F2: Present | G2: Present | H2: Present | I2: Present | J2: Present | K2: Present | L2: Present | M2: Absent | N2: Present | O2: Present | P2: Present | Q2: Present | R2: Present | S2: Absent | T2: Absent | U2: Absent | V2: Present | W2: Absent | X2: Absent | Y2: Absent | Z2: Excused absence | AA2: Absent | AB2: Present | AC2: =COUNTIF(E2:AB2,"Absent") -> 8 | AD2: =COUNTIF(E2:AB2,"Present") -> 15 | AE2: =(AD2*5)+(AC2*-5) -> 35
A3: 2 | B3: Mishari Saif Mohannad Hazem | C3: مشاري سيف مهند حازم | D3: 371255186 | E3: Present | F3: Present | G3: Absent | H3: Present | I3: Present | J3: Absent | K3: Present | L3: Present | M3: Present | N3: Present | O3: Present | P3: Present | Q3: Present | R3: Absent | S3: Absent | T3: Present | U3: Absent | V3: Present | W3: Absent | X3: Absent | Y3: Present | Z3: Present | AA3: Present | AB3: Present | AC3: =COUNTIF(E3:AB3,"Absent") -> 7 | AD3: =COUNTIF(E3:AB3,"Present") -> 17 | AE3: =(AD3*5)+(AC3*-5) -> 50
A4: 3 | B4: Omar Iyad Fahad Hussein | C4: عمر إياد فهد حسين | D4: 408438133 | E4: Present | F4: Absent | G4: Absent | H4: Present | I4: Present | J4: Present | K4: Present | L4: Present | M4: Present | N4: Absent | O4: Present | P4: Present | Q4: Absent | R4: Absent | S4: Absent | T4: Absent | U4: Absent | V4: Absent | W4: Absent | X4: Present | Y4: Present | Z4: Present | AA4: Present | AB4: Present | AC4: =COUNTIF(E4:AB4,"Absent") -> 10 | AD4: =COUNTIF(E4:AB4,"Present") -> 14 | AE4: =(AD4*5)+(AC4*-5) -> 20
A5: 4 | B5: Tariq Sultan Saleh Mishari | C5: طارق سلطان صالح مشاري | D5: 445621080 | E5: Absent | F5: Present | G5: Absent | H5: Absent | I5: Absent | J5: Present | K5: Absent | L5: Absent | M5: Present | N5: Absent | O5: Absent | P5: Present | Q5: Absent | R5: Absent | S5: Absent | T5: Absent | U5: Present | V5: Absent | W5: Absent | X5: Present | Y5: Absent | Z5: Present | AA5: Present | AB5: Present | AC5: =COUNTIF(E5:AB5,"Absent") -> 15 | AD5: =COUNTIF(E5:AB5,"Present") -> 9 | AE5: =(AD5*5)+(AC5*-5) -> -30
A6: 5 | B6: Salem Saud Abdulmajid Mansour | C6: سالم سعود عبدالمجيد منصور | D6: 482804027 | E6: Present | F6: Absent | G6: Present | H6: Present | I6: Present | J6: Present | K6: Absent | L6: Present | M6: Present | N6: Present | O6: Present | P6: Absent | Q6: Present | R6: Present | S6: Absent | T6: Present | U6: Absent | V6: Present | W6: Present | X6: Present | Y6: Excused absence | Z6: Present | AA6: Absent | AB6: Present | AC6: =COUNTIF(E6:AB6,"Absent") -> 6 | AD6: =COUNTIF(E6:AB6,"Present") -> 17 | AE6: =(AD6*5)+(AC6*-5) -> 55
A7: 6 | B7: Anas Badr Jihad Saad | C7: أنس بدر جهاد سعد | D7: 519986974 | E7: Present | F7: Present | G7: Present | H7: Present | I7: Absent | J7: Present | K7: Present | L7: Present | M7: Present | N7: Present | O7: Present | P7: Present | Q7: Present | R7: Absent | S7: Absent | T7: Absent | U7: Absent | V7: Absent | W7: Absent | X7: Present | Y7: Present | Z7: Present | AA7: Present | AB7: Absent | AC7: =COUNTIF(E7:AB7,"Absent") -> 8 | AD7: =COUNTIF(E7:AB7,"Present") -> 16 | AE7: =(AD7*5)+(AC7*-5) -> 40
A8: 7 | B8: Muath Rashid Saif Jihad | C8: معاذ راشد سيف جهاد | D8: 557169921 | E8: Present | F8: Absent | G8: Present | H8: Present | I8: Present | J8: Present | K8: Present | L8: Present | M8: Present | N8: Present | O8: Present | P8: Absent | Q8: Absent | R8: Present | S8: Absent | T8: Present | U8: Absent | V8: Present | W8: Absent | X8: Present | Y8: Absent | Z8: Present | AA8: Excused absence | AB8: Present | AC8: =COUNTIF(E8:AB8,"Absent") -> 7 | AD8: =COUNTIF(E8:AB8,"Present") -> 16 | AE8: =(AD8*5)+(AC8*-5) -> 45
A9: 8 | B9: Adel Ayman Abdulaziz Muath | C9: عادل أيمن عبدالعزيز معاذ | D9: 594352868 | E9: Present | F9: Present | G9: Present | H9: Present | I9: Present | J9: Present | K9: Present | L9: Present | M9: Present | N9: Present | O9: Present | P9: Absent | Q9: Present | R9: Present | S9: Present | T9: Present | U9: Absent | V9: Absent | W9: Absent | X9: Present | Y9: Absent | Z9: Present | AA9: Present | AB9: Absent | AC9: =COUNTIF(E9:AB9,"Absent") -> 6 | AD9: =COUNTIF(E9:AB9,"Present") -> 18 | AE9: =(AD9*5)+(AC9*-5) -> 60
A10: 9 | B10: Yousef Muath Yasser Saif | C10: يوسف معاذ ياسر سيف | D10: 631535815 | E10: Present | F10: Present | G10: Present | H10: Present | I10: Present | J10: Present | K10: Present | L10: Present | M10: Present | N10: Present | O10: Present | P10: Present | Q10: Absent | R10: Absent | S10: Present | T10: Present | U10: Absent | V10: Absent | W10: Absent | X10: Present | Y10: Present | Z10: Present | AA10: Absent | AB10: Present | AC10: =COUNTIF(E10:AB10,"Absent") -> 6 | AD10: =COUNTIF(E10:AB10,"Present") -> 18 | AE10: =(AD10*5)+(AC10*-5) -> 60
A11: 10 | B11: Ibrahim Rami Jassim Badr | C11: إبراهيم رامي جاسم بدر | D11: 668718762 | E11: Present | F11: Present | G11: Present | H11: Present | I11: Present | J11: Present | K11: Present | L11: Present | M11: Present | N11: Present | O11: Present | P11: Present | Q11: Present | R11: Present | S11: Present | T11: Present | U11: Present | V11: Present | W11: Absent | X11: Present | Y11: Present | Z11: Absent | AA11: Absent | AB11: Present | AC11: =COUNTIF(E11:AB11,"Absent") -> 3 | AD11: =COUNTIF(E11:AB11,"Present") -> 21 | AE11: =(AD11*5)+(AC11*-5) -> 90
A12: 11 | B12: Abdullah Saleh Basheer Rashid | C12: عبدالله صالح بشير راشد | D12: 705901709 | E12: Present | F12: Present | G12: Present | H12: Present | I12: Present | J12: Present | K12: Present | L12: Present | M12: Present | N12: Absent | O12: Present | P12: Present | Q12: Absent | R12: Present | S12: Present | T12: Present | U12: Absent | V12: Present | W12: Absent | X12: Absent | Y12: Present | Z12: Present | AA12: Present | AB12: Present | AC12: =COUNTIF(E12:AB12,"Absent") -> 5 | AD12: =COUNTIF(E12:AB12,"Present") -> 19 | AE12: =(AD12*5)+(AC12*-5) -> 70
A13: 12 | B13: Majed Majed Abdulmalik Adel | C13: ماجد ماجد عبدالملك عادل | D13: 743084656 | E13: Excused absence | F13: Present | G13: Present | H13: Present | I13: Present | J13: Present | K13: Absent | L13: Present | M13: Present | N13: Present | O13: Present | P13: Present | Q13: Present | R13: Present | S13: Absent | T13: Absent | U13: Present | V13: Present | W13: Present | X13: Absent | Y13: Present | Z13: Present | AA13: Absent | AB13: Present | AC13: =COUNTIF(E13:AB13,"Absent") -> 5 | AD13: =COUNTIF(E13:AB13,"Present") -> 18 | AE13: =(AD13*5)+(AC13*-5) -> 65
... A41: 40 | B41: Iyad Salman Rakan Badr | C41: إياد سلمان راكان بدر | D41: 747024225 | E41: Present | F41: Present | G41: Present | H41: Present | I41: Present | J41: Present | K41: Present | L41: Absent | M41: Present | N41: Absent | O41: Present | P41: Present | Q41: Present | R41: Present | S41: Present | T41: Present | U41: Present | V41: Present | W41: Absent | X41: Present | Y41: Present | Z41: Present | AA41: Present | AB41: Absent | AC41: =COUNTIF(E41:AB41,"Absent") -> 4 | AD41: =COUNTIF(E41:AB41,"Present") -> 20 | AE41: =(AD41*5)+(AC41*-5) -> 80
E42: Present | F42: Present | G42: Present | H42: Absent | I42: Present | J42: Absent | K42: Present | L42: Absent | M42: Present | N42: Present | O42: Excused absence | P42: Present | Q42: Present | R42: Present | S42: Absent | T42: Present | U42: Absent | V42: Absent | W42: Present | X42: Present | Y42: Present | Z42: Absent | AA42: Present | AB42: Present | AC42: Present | AD42: Present | AE42: Absent

Sheet Attendance 12 MALES
A1: SN | B1: Name (English) | C1: Name (Arabic) | D1: Academic ID | E1: 45931 | F1: 45936 | G1: 45937 | H1: 45938 | I1: 45943 | J1: 45945 | K1: 45950 | L1: 45952 | M1: 45957 | N1: 45959 | O1: 45964 | P1: 45966 | Q1: 45971 | R1: 45973 | S1: 45992 | T1: 45994 | U1: 45999 | V1: 46001 | W1: 46006 | X1: 46008 | Y1: 46013 | Z1: 46015 | AA1: 46020 | AB1: 45961 | AC1: Total Absent | AD1: Total Attendence | AE1: Total Points
A2: 1 | B2: Ibrahim Adel Marwan Majed | C2: إبراهيم عادل مروان ماجد | D2: 336072239 | E2: Present | F2: Present | G2: Present | H2: Excused absence | I2: Present | J2: Absent | K2: Present | L2: Present | M2: Present | N2: Absent | O2: Present | P2: Absent | Q2: Present | R2: Absent | S2: Absent | T2: Present | U2: Absent | V2: Absent | W2: Absent | X2: Present | Y2: Absent | Z2: Present | AA2: Present | AB2: Present | AC2: =COUNTIF(E2:AB2,"Absent") -> 9 | AD2: =COUNTIF(E2:AB2,"Present") -> 14 | AE2: =(AD2*5)+(AC2*-5) -> 25
A3: 2 | B3: Bandar Iyad Waleed Adnan | C3: بندر إياد وليد عدنان | D3: 373255186 | E3: Present | F3: Excused absence | G3: Present | H3: Excused absence | I3: Present | J3: Present | K3: Present | L3: Present | M3: Present | N3: Absent | O3: Absent | P3: Present | Q3: Present | R3: Present | S3: Present | T3: Absent | U3: Present | V3: Present | W3: Present | X3: Absent | Y3: Present | Z3: Present | AA3: Absent | AB3: Absent | AC3: =COUNTIF(E3:AB3,"Absent") -> 6 | AD3: =COUNTIF(E3:AB3,"Present") -> 16 | AE3: =(AD3*5)+(AC3*-5) -> 50
A4: 3 | B4: Sami Yazeed Munther Saleh | C4: سامي يزيد منذر صالح | D4: 410438133 | E4: Absent | F4: Absent | G4: Present | H4: Present | I4: Present | J4: Absent | K4: Absent | L4: Absent | M4: Absent | N4: Absent | O4: Absent | P4: Absent | Q4: Absent | R4: Absent | S4: Absent | T4: Absent | U4: Present | V4: Absent | W4: Absent | X4: Present | Y4: Present | Z4: Present | AA4: Absent | AB4: Present | AC4: =COUNTIF(E4:AB4,"Absent") -> 16 | AD4: =COUNTIF(E4:AB4,"Present") -> 8 | AE4: =(AD4*5)+(AC4*-5) -> -40
A5: 4 | B5: Thamer Saif Nayef Hamad | C5: ثامر سيف نايف حمد | D5: 447621080 | E5: Absent | F5: Absent | G5: Present | H5: Present | I5: Absent | J5: Absent | K5: Absent | L5: Present | M5: Absent | N5: Absent | O5: Absent | P5: Absent | Q5: Absent | R5: Present | S5: Absent | T5: Absent | U5: Absent | V5: Absent | W5: Absent | X5: Present | Y5: Present | Z5: Present | AA5: Present | AB5: Present | AC5: =COUNTIF(E5:AB5,"Absent") -> 15 | AD5: =COUNTIF(E5:AB5,"Present") -> 9 | AE5: =(AD5*5)+(AC5*-5) -> -30
A6: 5 | B6: Bandar Hussam Rashid Ayman | C6: بندر حسام راشد أيمن | D6: 484804027 | E6: Excused absence | F6: Present | G6: Absent | H6: Present | I6: Absent | J6: Present | K6: Present | L6: Absent | M6: Present | N6: Present | O6: Absent | P6: Absent | Q6: Present | R6: Absent | S6: Present | T6: Present | U6: Present | V6: Absent | W6: Present | X6: Present | Y6: Present | Z6: Excused absence | AA6: Present | AB6: Present | AC6: =COUNTIF(E6:AB6,"Absent") -> 7 | AD6: =COUNTIF(E6:AB6,"Present") -> 15 | AE6: =(AD6*5)+(AC6*-5) -> 40
A7: 6 | B7: Yazeed Waleed Ali Saad | C7: يزيد وليد علي سعد | D7: 521986974 | E7: Present | F7: Present | G7: Absent | H7: Excused absence | I7: Present | J7: Excused absence | K7: Present | L7: Present | M7: Present | N7: Absent | O7: Present | P7: Absent | Q7: Present | R7: Present | S7: Absent | T7: Present | U7: Absent | V7: Absent | W7: Absent | X7: Present | Y7: Present | Z7: Present | AA7: Present | AB7: Present | AC7: =COUNTIF(E7:AB7,"Absent") -> 7 | AD7: =COUNTIF(E7:AB7,"Present") -> 15 | AE7: =(AD7*5)+(AC7*-5) -> 40
A8: 7 | B8: Yousef Salem Badr Abdullah | C8: يوسف سالم بدر عبدالله | D8: 559169921 | E8: Present | F8: Present | G8: Present | H8: Present | I8: Present | J8: Present | K8: Present | L8: Present | M8: Present | N8: Present | O8: Present | P8: Absent | Q8: Present | R8: Present | S8: Present | T8: Present | U8: Absent | V8: Present | W8: Absent | X8: Present | Y8: Absent | Z8: Absent | AA8: Present | AB8: Present | AC8: =COUNTIF(E8:AB8,"Absent") -> 5 | AD8: =COUNTIF(E8:AB8,"Present") -> 19 | AE8: =(AD8*5)+(AC8*-5) -> 70
A9: 8 | B9: Abdulaziz Marwan Salem Nayef | C9: عبدالعزيز مروان سالم نايف | D9: 596352868 | E9: Present | F9: Present | G9: Present | H9: Excused absence | I9: Present | J9: Present | K9: Present | L9: Present | M9: Present | N9: Present | O9: Present | P9: Absent | Q9: Absent | R9: Present | S9: Present | T9: Present | U9: Present | V9: Absent | W9: Absent | X9: Absent | Y9: Present | Z9: Absent | AA9: Present | AB9: Present | AC9: =COUNTIF(E9:AB9,"Absent") -> 6 | AD9: =COUNTIF(E9:AB9,"Present") -> 17 | AE9: =(AD9*5)+(AC9*-5) -> 55
A10: 9 | B10: Yousef Marzouq Badr Hussam | C10: يوسف مرزوق بدر حسام | D10: 633535815 | E10: Present | F10: Present | G10: Present | H10: Excused absence | I10: Present | J10: Excused absence | K10: Present | L10: Absent | M10: Present | N10: Present | O10: Absent | P10: Absent | Q10: Present | R10: Absent | S10: Absent | T10: Absent | U10: Absent | V10: Present | W10: Absent | X10: Present | Y10: Absent | Z10: Present | AA10: Absent | AB10: Present | AC10: =COUNTIF(E10:AB10,"Absent") -> 10 | AD10: =COUNTIF(E10:AB10,"Present") -> 12 | AE10: =(AD10*5)+(AC10*-5) -> 10
A11: 10 | B11: Rayan Yazeed Muath Nasser | C11: ريان يزيد معاذ ناصر | D11: 670718762 | E11: Absent | F11: Present | G11: Present | H11: Absent | I11: Absent | J11: Absent | K11: Present | L11: Absent | M11: Present | N11: Absent | O11: Present | P11: Present | Q11: Absent | R11: Absent | S11: Absent | T11: Absent | U11: Absent | V11: Absent | W11: Absent | X11: Present | Y11: Absent | Z11: Absent | AA11: Present | AB11: Absent | AC11: =COUNTIF(E11:AB11,"Absent") -> 16 | AD11: =COUNTIF(E11:AB11,"Present") -> 8 | AE11: =(AD11*5)+(AC11*-5) -> -40
A12: 11 | B12: Munther Hadi Ayman Mohannad | C12: منذر هادي أيمن مهند | D12: 707901709 | E12: Present | F12: Present | G12: Present | H12: Absent | I12: Excused absence | J12: Present | K12: Present | L12: Present | M12: Present | N12: Present | O12: Absent | P12: Present | Q12: Present | R12: Present | S12: Absent | T12: Present | U12: Absent | V12: Absent | W12: Absent | X12: Excused absence | Y12: Present | Z12: Absent | AA12: Present | AB12: Present | AC12: =COUNTIF(E12:AB12,"Absent") -> 7 | AD12: =COUNTIF(E12:AB12,"Present") -> 15 | AE12: =(AD12*5)+(AC12*-5) -> 40
A13: 12 | B13: Badr Tariq Bassam Rayan | C13: بدر طارق بسام ريان | D13: 745084656 | E13: Present | F13: Present | G13: Present | H13: Present | I13: Present | J13: Excused absence | K13: Present | L13: Present | M13: Present | N13: Present | O13: Present | P13: Present | Q13: Present | R13: Present | S13: Absent | T13: Present | U13: Present | V13: Present | W13: Present | X13: Present | Y13: Absent | Z13: Present | AA13: Present | AB13: Absent | AC13: =COUNTIF(E13:AB13,"Absent") -> 3 | AD13: =COUNTIF(E13:AB13,"Present") -> 20 | AE13: =(AD13*5)+(AC13*-5) -> 85
... A33: 32 | B33: Munther Jaber Saqr Yasser | C33: منذر جابر صقر ياسر | D33: 488743596 | E33: Present | F33: Absent | G33: Present | H33: Present | I33: Present | J33: Present | K33: Absent | L33: Present | M33: Present | N33: Present | O33: Present | P33: Present | Q33: Present | R33: Present | S33: Present | T33: Present | U33: Absent | V33: Present | W33: Present | X33: Absent | Y33: Present | Z33: Present | AA33: Present | AB33: Present | AC33: =COUNTIF(E33:AB33,"Absent") -> 4 | AD33: =COUNTIF(E33:AB33,"Present") -> 20 | AE33: =(AD33*5)+(AC33*-5) -> 80
B34: Marzouq Mazen Saqr Abdulmalik | C34: مرزوق مازن صقر عبدالملك | D34: 525926543 | E34: Present | F34: Present | G34: Present | H34: Present | I34: Present | J34: Excused absence | K34: Absent | L34: Present | M34: Present | N34: Present | O34: Present | P34: Present | Q34: Absent | R34: Present | S34: Present | T34: Present | U34: Present | V34: Present | W34: Present | X34: Present | Y34: Excused absence | Z34: Absent | AA34: Present | AB34: Present | AC34: =COUNTIF(E34:AB34,"Absent") -> 3 | AD34: =COUNTIF(E34:AB34,"Present") -> 19 | AE34: =(AD34*5)+(AC34*-5) -> 80

Sheet Participation 10 FEMALES
A1: SN | B1: Name | C1: Name (Arabic) | D1: Academic ID | E1: Day-1 | F1: Day-2 | G1: Day-3 | H1: Day-4 | I1: Day-5 | J1: Day-6 | K1: Day-7 | L1: Day-8 | M1: Day-9 | N1: Day-10 | O1: Day-11 | P1: Day-12 | Q1: Day-13 | R1: Day-14 | S1: Day-15 | T1: Day-16 | U1: Day-17 | V1: Day-18 | W1: Day-19 | X1: Day-20 | Y1: Day-21 | Z1: Day-22 | AA1: Day-23 | AB1: Day-24 | AC1: Day-25 | AD1: Total
A2: 1 | B2: Maryam Nasser Khalid Yousef | C2: مريم ناصر خالد يوسف | D2: 331072239 | E2: 4 | F2: 9 | G2: 6 | H2: 5 | I2: 9 | J2: 3 | K2: 4 | L2: 10 | M2: 1 | N2: 2 | O2: 2 | P2: 0 | Q2: 2 | R2: 10 | S2: 10 | T2: 2 | U2: 7 | V2: 3 | W2: 3 | X2: 1 | Y2: 10 | Z2: 6 | AA2: 1 | AB2: 5 | AC2: 1 | AD2: =SUM(E2:AC2) -> 116
A3: 2 | B3: Amal Fahad Majed Marwan | C3: أمل فهد ماجد مروان | D3: 368255186 | E3: 7 | F3: 7 | G3: 8 | H3: 6 | I3: 6 | J3: 2 | K3: 3 | L3: 2 | M3: 8 | N3: 10 | O3: 3 | P3: 1 | Q3: 7 | R3: 2 | S3: 2 | T3: 2 | U3: 45 | V3: 4 | W3: 10 | X3: 2 | Y3: 2 | Z3: 10 | AA3: 3 | AB3: 0 | AC3: 1 | AD3: =SUM(E3:AC3) -> 153
A4: 3 | B4: Aljoharah Hussam Sultan Waleed | C4: الجوهرة حسام سلطان وليد | D4: 405438133 | E4: 6 | F4: 5 | G4: 6 | H4: 1 | I4: 9 | J4: 4 | K4: 6 | L4: 2 | M4: 9 | N4: 8 | O4: 4 | P4: 4 | Q4: 8 | R4: 7 | S4: 6 | T4: 2 | U4: 6 | V4: 4 | W4: 5 | X4: 10 | Y4: 8 | Z4: 3 | AA4: 1 | AB4: 7 | AC4: 9 | AD4: =SUM(E4:AC4) -> 140
A5: 4 | B5: Leen Ahmed Hussein Nawaf | C5: لين أحمد حسين نواف | D5: 442621080 | E5: 10 | F5: 8 | G5: 7 | H5: 6 | I5: 5 | J5: 0 | K5: 7 | L5: 7 | M5: 2 | N5: 6 | O5: 8 | P5: 4 | Q5: 6 | R5: 5 | S5: 2 | T5: 2 | U5: 6 | V5: 0 | W5: 3 | X5: 5 | Y5: 8 | Z5: 4 | AA5: 1 | AB5: 3 | AC5: 9 | AD5: =SUM(E5:AC5) -> 124
A6: 5 | B6: Ghina Omar Rayan Yazeed | C6: غنى عمر ريان يزيد | D6: 479804027 | E6: 9 | F6: 3 | G6: 9 | H6: 8 | I6: 2 | J6: 3 | K6: 10 | L6: 3 | M6: 8 | N6: 9 | O6: 8 | P6: 6 | Q6: 7 | R6: 7 | S6: 0 | T6: 2 | U6: 5 | V6: 7 | W6: 0 | X6: 5 | Y6: 9 | Z6: 7 | AA6: 0 | AB6: 3 | AC6: 6 | AD6: =SUM(E6:AC6) -> 136
A7: 6 | B7: Hatoon Saif Mansour Ibrahim | C7: هتون سيف منصور إبراهيم | D7: 516986974 | E7: 8 | F7: 0 | G7: 9 | H7: 9 | I7: 0 | J7: 7 | K7: 7 | L7: 2 | M7: 10 | N7: 2 | O7: 2 | P7: 9 | Q7: 10 | R7: 8 | S7: 6 | T7: 10 | U7: 3 | V7: 10 | W7: 6 | X7: 8 | Y7: 2 | Z7: 4 | AA7: 2 | AB7: 8 | AC7: 5 | AD7: =SUM(E7:AC7) -> 147
A8: 7 | B8: Wafa Abdullah Iyad Bassam | C8: وفاء عبدالله إياد بسام | D8: 554169921 | E8: 8 | F8: 5 | G8: 2 | H8: 6 | I8: 5 | J8: 4 | K8: 3 | L8: 4 | M8: 8 | N8: 9 | O8: 5 | P8: 6 | Q8: 8 | R8: 5 | S8: 1 | T8: 1 | U8: 7 | V8: 3 | W8: 7 | X8: 2 | Y8: 5 | Z8: 8 | AA8: 10 | AB8: 5 | AC8: 1 | AD8: =SUM(E8:AC8) -> 128
A9: 8 | B9: Amani Saad Nayef Hamad | C9: أماني سعد نايف حمد | D9: 591352868 | E9: 0 | F9: 1 | G9: 2 | H9: 5 | I9: 6 | J9: 9 | K9: 0 | L9: 9 | M9: 2 | N9: 0 | O9: 7 | P9: 3 | Q9: 2 | R9: 7 | S9: 10 | T9: 2 | U9: 2 | V9: 5 | W9: 10 | X9: 6 | Y9: 7 | Z9: 6 | AA9: 9 | AB9: 5 | AC9: 3 | AD9: =SUM(E9:AC9) -> 118
A10: 9 | B10: Moudi Hamed Hamad Tamim | C10: موضي حامد حمد تميم | D10: 628535815 | E10: 1 | F10: 9 | G10: 9 | H10: 8 | I10: 4 | J10: 3 | K10: 7 | L10: 3 | M10: 2 | N10: 6 | O10: 10 | P10: 2 | Q10: 5 | R10: 3 | S10: 2 | T10: 5 | U10: 3 | V10: 2 | W10: 7 | X10: 7 | Y10: 5 | Z10: 5 | AA10: 4 | AB10: 6 | AC10: 3 | AD10: =SUM(E10:AC10) -> 121
A11: 10 | B11: Layan Ziyad Adnan Omar | C11: ليان زياد عدنان عمر | D11: 665718762 | E11: 7 | F11: 3 | G11: 9 | H11: 0 | I11: 2 | J11: 7 | K11: 4 | L11: 2 | M11: 0 | N11: 6 | O11: 6 | P11: 1 | Q11: 1 | R11: 5 | S11: 2 | T11: 5 | U11: 9 | V11: 9 | W11: 0 | X11: 0 | Y11: 7 | Z11: 8 | AA11: 5 | AB11: 9 | AC11: 3 | AD11: =SUM(E11:AC11) -> 110
A12: 11 | B12: Rawan Rayan Rakan Fawaz | C12: روان ريان راكان فواز | D12: 702901709 | E12: 6 | F12: 8 | G12: 5 | H12: 5 | I12: 5 | J12: 2 | K12: 6 | L12: 5 | M12: 2 | N12: 6 | O12: 0 | P12: 5 | Q12: 9 | R12: 8 | S12: 7 | T12: 2 | U12: 10 | V12: 5 | W12: 5 | X12: 1 | Y12: 3 | Z12: 4 | AA12: 7 | AB12: 5 | AC12: 6 | AD12: =SUM(E12:AC12) -> 127
A13: 12 | B13: Sarah Faisal Mohannad Yousef | C13: سارة فيصل مهند يوسف | D13: 740084656 | E13: 0 | F13: 9 | G13: 4 | H13: 7 | I13: 4 | J13: 10 | K13: 6 | L13: 3 | M13: 10 | N13: 5 | O13: 1 | P13: 6 | Q13: 5 | R13: 1 | S13: 3 | T13: 10 | U13: 10 | V13: 5 | W13: 7 | X13: 5 | Y13: 1 | Z13: 7 | AA13: 8 | AB13: 3 | AC13: 2 | AD13: =SUM(E13:AC13) -> 132
... A37: 36 | B37: Noura Rayan Abdulaziz Rakan | C37: نورة ريان عبدالعزيز راكان | D37: 632475384 | E37: 3 | F37: 2 | G37: 10 | H37: 5 | I37: 1 | J37: 4 | K37: 10 | L37: 5 | M37: 0 | N37: 4 | O37: 7 | P37: 3 | Q37: 8 | R37: 8 | S37: 5 | T37: 5 | U37: 7 | V37: 8 | W37: 2 | X37: 2 | Y37: 3 | Z37: 4 | AA37: 10 | AB37: 5 | AC37: 9 | AD37: =SUM(E37:AC37) -> 130

Sheet Participation 11 FEMALES
A1: SN | B1: Name (English) | C1: Name (Arabic) | D1: Academic ID | E1: Day-1 | F1: Day-2 | G1: Day-3 | H1: Day-4 | I1: Day-5 | J1: Day-6 | K1: Day-7 | L1: Day-8 | M1: Day-9 | N1: Day-10 | O1: Day-11 | P1: Day-12 | Q1: Day-13 | R1: Day-14 | S1: Day-15 | T1: Day-16 | U1: Day-17 | V1: Day-18 | W1: Day-19 | X1: Day-20 | Y1: Day-21 | Z1: Day-22 | AA1: Day-23 | AB1: Day-24 | AC1: Day-25 | AD1: Total
A2: 1 | B2: Reema Rayan Nawaf Abdullah | C2: ريما ريان نواف عبدالله | D2: 333072239 | E2: 8 | F2: 5 | G2: 10 | H2: 3 | I2: 2 | J2: 10 | K2: 3 | L2: 4 | M2: 6 | N2: 10 | O2: 7 | P2: 2 | Q2: 4 | R2: 5 | S2: 10 | T2: 10 | U2: 0 | V2: 5 | W2: 5 | X2: 3 | Y2: 2 | Z2: 3 | AA2: 10 | AB2: 5 | AC2: 1 | AD2: =SUM(E2:AC2) -> 133
A3: 2 | B3: Reema Jaber Abdullah Mazen | C3: ريما جابر عبدالله مازن | D3: 370255186 | E3: 3 | F3: 5 | G3: 6 | H3: 4 | I3: 7 | J3: 4 | K3: 8 | L3: 3 | M3: 7 | N3: 7 | O3: 9 | P3: 2 | Q3: 6 | R3: 4 | S3: 10 | T3: 0 | U3: 4 | V3: 8 | W3: 7 | X3: 3 | Y3: 6 | Z3: 7 | AA3: 6 | AB3: 4 | AC3: 5 | AD3: =SUM(E3:AC3) -> 135
A4: 3 | B4: Ghada Nayef Yazeed Marwan | C4: غادة نايف يزيد مروان | D4: 407438133 | E4: 9 | F4: 5 | G4: 8 | H4: 9 | I4: 4 | J4: 6 | K4: 3 | L4: 9 | M4: 3 | N4: 2 | O4: 7 | P4: 7 | Q4: 1 | R4: 9 | S4: 0 | T4: 2 | U4: 8 | V4: 2 | W4: 9 | X4: 5 | Y4: 10 | Z4: 0 | AA4: 3 | AB4: 4 | AC4: 4 | AD4: =SUM(E4:AC4) -> 129
A5: 4 | B5: Raghad Faisal Anas Yousef | C5: رغد فيصل أنس يوسف | D5: 444621080 | E5: 10 | F5: 7 | G5: 4 | H5: 3 | I5: 5 | J5: 4 | K5: 1 | L5: 6 | M5: 5 | N5: 3 | O5: 6 | P5: 7 | Q5: 6 | R5: 4 | S5: 8 | T5: 5 | U5: 0 | V5: 6 | W5: 8 | X5: 0 | Y5: 9 | Z5: 10 | AA5: 1 | AB5: 10 | AC5: 7 | AD5: =SUM(E5:AC5) -> 135
A6: 5 | B6: Atheer Hussam Majed Ali | C6: أثير حسام ماجد علي | D6: 481804027 | E6: 4 | F6: 6 | G6: 3 | H6: 4 | I6: 7 | J6: 1 | K6: 0 | L6: 5 | M6: 2 | N6: 1 | O6: 7 | P6: 4 | Q6: 0 | R6: 1 | S6: 8 | T6: 8 | U6: 6 | V6: 5 | W6: 4 | X6: 7 | Y6: 4 | Z6: 3 | AA6: 1 | AB6: 3 | AC6: 9 | AD6: =SUM(E6:AC6) -> 103
A7: 6 | B7: Wadha Hussein Mazen Abdulmalik | C7: وضحى حسين مازن عبدالملك | D7: 518986974 | E7: 9 | F7: 2 | G7: 5 | H7: 10 | I7: 0 | J7: 6 | K7: 4 | L7: 0 | M7: 4 | N7: 6 | O7: 2 | P7: 2 | Q7: 9 | R7: 6 | S7: 9 | T7: 8 | U7: 3 | V7: 5 | W7: 1 | X7: 1 | Y7: 1 | Z7: 4 | AA7: 4 | AB7: 8 | AC7: 0 | AD7: =SUM(E7:AC7) -> 109
A8: 7 | B8: Jana Abdullah Badr Ziyad | C8: جنى عبدالله بدر زياد | D8: 556169921 | E8: 8 | F8: 5 | G8: 9 | H8: 1 | I8: 0 | J8: 2 | K8: 7 | L8: 7 | M8: 4 | N8: 8 | O8: 10 | P8: 2 | Q8: 8 | R8: 4 | S8: 5 | T8: 3 | U8: 4 | V8: 1 | W8: 9 | X8: 5 | Y8: 4 | Z8: 0 | AA8: 3 | AB8: 8 | AC8: 7 | AD8: =SUM(E8:AC8) -> 124
A9: 8 | B9: Afnan Saleh Abdulrahman Badr | C9: أفنان صالح عبدالرحمن بدر | D9: 593352868 | E9: 8 | F9: 9 | G9: 1 | H9: 5 | I9: 10 | J9: 7 | K9: 5 | L9: 7 | M9: 8 | N9: 7 | O9: 1 | P9: 3 | Q9: 7 | R9: 2 | S9: 5 | T9: 5 | U9: 8 | V9: 7 | W9: 7 | X9: 5 | Y9: 8 | Z9: 0 | AA9: 8 | AB9: 6 | AC9: 1 | AD9: =SUM(E9:AC9) -> 140
A10: 9 | B10: Haneen Marwan Mansour Hadi | C10: حنين مروان منصور هادي | D10: 630535815 | E10: 3 | F10: 7 | G10: 10 | H10: 1 | I10: 3 | J10: 7 | K10: 6 | L10: 9 | M10: 5 | N10: 3 | O10: 7 | P10: 6 | Q10: 4 | R10: 8 | S10: 4 | T10: 3 | U10: 4 | V10: 2 | W10: 10 | X10: 10 | Y10: 3 | Z10: 1 | AA10: 4 | AB10: 3 | AC10: 3 | AD10: =SUM(E10:AC10) -> 126
A11: 10 | B11: Fatimah Saleh Saud Ali | C11: فاطمة صالح سعود علي | D11: 667718762 | E11: 2 | F11: 3 | G11: 6 | H11: 2 | I11: 5 | J11: 3 | K11: 2 | L11: 10 | M11: 0 | N11: 6 | O11: 7 | P11: 2 | Q11: 7 | R11: 3 | S11: 10 | T11: 4 | U11: 4 | V11: 2 | W11: 2 | X11: 0 | Y11: 10 | Z11: 9 | AA11: 7 | AB11: 7 | AC11: 2 | AD11: =SUM(E11:AC11) -> 115
A12: 11 | B12: Fatimah Basheer Nayef Faris | C12: فاطمة بشير نايف فارس | D12: 704901709 | E12: 5 | F12: 5 | G12: 8 | H12: 9 | I12: 7 | J12: 1 | K12: 9 | L12: 10 | M12: 2 | N12: 3 | O12: 7 | P12: 4 | Q12: 1 | R12: 3 | S12: 7 | T12: 7 | U12: 2 | V12: 6 | W12: 2 | X12: 7 | Y12: 0 | Z12: 3 | AA12: 2 | AB12: 10 | AC12: 1 | AD12: =SUM(E12:AC12) -> 121
A13: 12 | B13: Mashael Rami Marwan Basheer | C13: مشاعل رامي مروان بشير | D13: 742084656 | E13: 3 | F13: 7 | G13: 2 | H13: 7 | I13: 3 | J13: 4 | K13: 9 | L13: 10 | M13: 2 | N13: 4 | O13: 1 | P13: 2 | Q13: 9 | R13: 3 | S13: 6 | T13: 10 | U13: 10 | V13: 0 | W13: 0 | X13: 3 | Y13: 6 | Z13: 4 | AA13: 0 | AB13: 6 | AC13: 1 | AD13: =SUM(E13:AC13) -> 112
... A40: 39 | B40: Haya Saleh Rakan Rayan | C40: هيا صالح راكان ريان | D40: 746024225 | E40: 7 | F40: 2 | G40: 0 | H40: 6 | I40: 7 | J40: 0 | K40: 10 | L40: 3 | M40: 9 | N40: 10 | O40: 0 | P40: 10 | Q40: 4 | R40: 8 | S40: 0 | T40: 10 | U40: 4 | V40: 8 | W40: 7 | X40: 5 | Y40: 8 | Z40: 8 | AA40: 10 | AB40: 6 | AC40: 3 | AD40: =SUM(E40:AC40) -> 145
E41: 7 | F41: 5 | G41: 4 | H41: 8 | I41: 10 | J41: 10 | K41: 8 | L41: 6 | M41: 9 | N41: 5 | O41: 10 | P41: 2 | Q41: 10 | R41: 9 | S41: 8 | T41: 0 | U41: 10 | V41: 10 | W41: 1 | X41: 5 | Y41: 7 | Z41: 3 | AA41: 7 | AB41: 6 | AC41: 9 | AD41: 10
E42: 10 | F42: 2 | G42: 8 | H42: 10 | I42: 0 | J42: 4 | K42: 0 | L42: 3 | M42: 2 | N42: 6 | O42: 3 | P42: 7 | Q42: 6 | R42: 6 | S42: 1 | T42: 8 | U42: 2 | V42: 6 | W42: 4 | X42: 2 | Y42: 0 | Z42: 8 | AA42: 10 | AB42: 2 | AC42: 7 | AD42: 8

Sheet Participation 12 FEMALES
A1: SN | B1: Name (English) | C1: Name (Arabic) | D1: Academic ID | E1: Day-1 | F1: Day-2 | G1: Day-3 | H1: Day-4 | I1: Day-5 | J1: Day-6 | K1: Day-7 | L1: Day-8 | M1: Day-9 | N1: Day-10 | O1: Day-11 | P1: Day-12 | Q1: Day-13 | R1: Day-14 | S1: Day-15 | T1: Day-16 | U1: Day-17 | V1: Day-18 | W1: Day-19 | X1: Day-20 | Y1: Day-21 | Z1: Day-22 | AA1: Day-23 | AB1: Day-24 | AC1: Day-25 | AD1: Total
A2: 1 | B2: Isra Hassan Salem Ayman | C2: إسراء حسن سالم أيمن | D2: 335072239 | E2: 7 | F2: 7 | G2: 10 | H2: 7 | I2: 1 | J2: 9 | K2: 2 | L2: 1 | M2: 3 | N2: 10 | O2: 2 | P2: 8 | Q2: 10 | R2: 6 | S2: 3 | T2: 0 | U2: 7 | V2: 10 | W2: 3 | X2: 0 | Y2: 4 | Z2: 2 | AA2: 4 | AB2: 0 | AC2: 6 | AD2: =SUM(E2:AC2) -> 122
A3: 2 | B3: Maha Faisal Saud Hussein | C3: مها فيصل سعود حسين | D3: 372255186 | E3: 7 | F3: 10 | G3: 10 | H3: 1 | I3: 6 | J3: 2 | K3: 0 | L3: 3 | M3: 4 | N3: 5 | O3: 5 | P3: 3 | Q3: 5 | R3: 0 | S3: 6 | T3: 8 | U3: 1 | V3: 10 | W3: 7 | X3: 7 | Y3: 10 | Z3: 1 | AA3: 8 | AB3: 0 | AC3: 7 | AD3: =SUM(E3:AC3) -> 126
A4: 3 | B4: Haneen Faris Bassam Tariq | C4: حنين فارس بسام طارق | D4: 409438133 | E4: 7 | F4: 1 | G4: 1 | H4: 2 | I4: 8 | J4: 8 | K4: 3 | L4: 3 | M4: 7 | N4: 8 | O4: 2 | P4: 10 | Q4: 10 | R4: 7 | S4: 3 | T4: 9 | U4: 4 | V4: 10 | W4: 2 | X4: 10 | Y4: 1 | Z4: 2 | AA4: 1 | AB4: 6 | AC4: 8 | AD4: =SUM(E4:AC4) -> 133
A5: 4 | B5: Hoor Muath Mohannad Badr | C5: حور معاذ مهند بدر | D5: 446621080 | E5: 7 | F5: 9 | G5: 9 | H5: 10 | I5: 1 | J5: 7 | K5: 8 | L5: 8 | M5: 7 | N5: 0 | O5: 2 | P5: 3 | Q5: 6 | R5: 8 | S5: 4 | T5: 4 | U5: 3 | V5: 10 | W5: 5 | X5: 0 | Y5: 8 | Z5: 7 | AA5: 0 | AB5: 9 | AC5: 7 | AD5: =SUM(E5:AC5) -> 142
A6: 5 | B6: Lana Hassan Saad Abdulmalik | C6: لانا حسن سعد عبدالملك | D6: 483804027 | E6: 7 | F6: 7 | G6: 0 | H6: 5 | I6: 3 | J6: 7 | K6: 5 | L6: 4 | M6: 1 | N6: 5 | O6: 2 | P6: 4 | Q6: 5 | R6: 1 | S6: 0 | T6: 2 | U6: 2 | V6: 4 | W6: 2 | X6: 3 | Y6: 5 | Z6: 8 | AA6: 7 | AB6: 1 | AC6: 1 | AD6: =SUM(E6:AC6) -> 91
A7: 6 | B7: Muneerah Saqr Abdullah Saad | C7: منيرة صقر عبدالله سعد | D7: 520986974 | E7: 8 | F7: 4 | G7: 10 | H7: 2 | I7: 2 | J7: 5 | K7: 2 | L7: 0 | M7: 1 | N7: 8 | O7: 3 | P7: 1 | Q7: 0 | R7: 8 | S7: 2 | T7: 0 | U7: 8 | V7: 3 | W7: 8 | X7: 3 | Y7: 7 | Z7: 7 | AA7: 0 | AB7: 3 | AC7: 10 | AD7: =SUM(E7:AC7) -> 105
A8: 7 | B8: Mashael Hamad Tariq Yousef | C8: مشاعل حمد طارق يوسف | D8: 558169921 | E8: 7 | F8: 8 | G8: 8 | H8: 1 | I8: 10 | J8: 3 | K8: 1 | L8: 2 | M8: 6 | N8: 10 | O8: 2 | P8: 7 | Q8: 2 | R8: 0 | S8: 4 | T8: 2 | U8: 5 | V8: 0 | W8: 7 | X8: 6 | Y8: 1 | Z8: 0 | AA8: 6 | AB8: 5 | AC8: 0 | AD8: =SUM(E8:AC8) -> 103
A9: 8 | B9: Maha Salman Hazem Saad | C9: مها سلمان حازم سعد | D9: 595352868 | E9: 7 | F9: 1 | G9: 5 | H9: 10 | I9: 0 | J9: 9 | K9: 5 | L9: 4 | M9: 8 | N9: 2 | O9: 10 | P9: 2 | Q9: 8 | R9: 5 | S9: 6 | T9: 2 | U9: 7 | V9: 10 | W9: 9 | X9: 0 | Y9: 9 | Z9: 8 | AA9: 7 | AB9: 4 | AC9: 9 | AD9: =SUM(E9:AC9) -> 147
A10: 9 | B10: Ghala Thamer Ayman Tariq | C10: غلا ثامر أيمن طارق | D10: 632535815 | E10: 7 | F10: 4 | G10: 8 | H10: 6 | I10: 4 | J10: 1 | K10: 3 | L10: 7 | M10: 2 | N10: 5 | O10: 6 | P10: 1 | Q10: 2 | R10: 2 | S10: 3 | T10: 2 | U10: 1 | V10: 8 | W10: 7 | X10: 8 | Y10: 0 | Z10: 3 | AA10: 0 | AB10: 2 | AC10: 3 | AD10: =SUM(E10:AC10) -> 95
A11: 10 | B11: Dima Muath Fawaz Hamed | C11: ديما معاذ فواز حامد | D11: 669718762 | E11: 6 | F11: 1 | G11: 4 | H11: 5 | I11: 2 | J11: 0 | K11: 6 | L11: 8 | M11: 9 | N11: 6 | O11: 3 | P11: 5 | Q11: 1 | R11: 9 | S11: 3 | T11: 2 | U11: 8 | V11: 10 | W11: 2 | X11: 5 | Y11: 2 | Z11: 1 | AA11: 3 | AB11: 6 | AC11: 7 | AD11: =SUM(E11:AC11) -> 114
A12: 11 | B12: Latifah Yazeed Adnan Mohammed | C12: لطيفة يزيد عدنان محمد | D12: 706901709 | E12: 3 | F12: 3 | G12: 5 | H12: 5 | I12: 9 | J12: 6 | K12: 8 | L12: 1 | M12: 9 | N12: 8 | O12: 0 | P12: 3 | Q12: 2 | R12: 7 | S12: 9 | T12: 2 | U12: 10 | V12: 5 | W12: 10 | X12: 9 | Y12: 3 | Z12: 9 | AA12: 10 | AB12: 10 | AC12: 6 | AD12: =SUM(E12:AC12) -> 152
A13: 12 | B13: Asmaa Mohannad Mansour Ayman | C13: أسماء مهند منصور أيمن | D13: 744084656 | E13: 7 | F13: 4 | G13: 2 | H13: 0 | I13: 6 | J13: 4 | K13: 4 | L13: 8 | M13: 0 | N13: 3 | O13: 9 | P13: 10 | Q13: 3 | R13: 8 | S13: 0 | T13: 2 | U13: 10 | V13: 10 | W13: 4 | X13: 3 | Y13: 5 | Z13: 2 | AA13: 1 | AB13: 4 | AC13: 5 | AD13: =SUM(E13:AC13) -> 114
... A36: 35 | B36: Reham Muath Mansour Fawaz | C36: ريهام معاذ منصور فواز | D36: 673658331 | E36: 10 | F36: 0 | G36: 5 | H36: 9 | I36: 3 | J36: 7 | K36: 3 | L36: 3 | M36: 3 | N36: 1 | O36: 4 | P36: 7 | Q36: 2 | R36: 4 | S36: 10 | T36: 4 | U36: 10 | V36: 2 | W36: 6 | X36: 7 | Y36: 6 | Z36: 3 | AA36: 5 | AB36: 3 | AC36: 9 | AD36: =SUM(E36:AC36) -> 126
B37: Isra Fawaz Jihad Ayman | C37: إسراء فواز جهاد أيمن | D37: 710841278 | E37: 4 | F37: 7 | G37: 3 | H37: 1 | I37: 7 | J37: 4 | K37: 2 | L37: 2 | M37: 5 | N37: 9 | O37: 7 | P37: 0 | Q37: 6 | R37: 4 | S37: 2 | T37: 2 | U37: 10 | V37: 4 | W37: 2 | X37: 7 | Y37: 5 | Z37: 6 | AA37: 3 | AB37: 10 | AC37: 10 | AD37: =SUM(E37:AC37) -> 122
E38: 6 | F38: 1 | G38: 7 | H38: 7 | I38: 5 | J38: 4 | K38: 2 | L38: 4 | M38: 8 | N38: 3 | O38: 7 | P38: 7 | Q38: 8 | R38: 2 | S38: 3 | T38: 4 | U38: 1 | V38: 7 | W38: 6 | X38: 9 | Y38: 6 | Z38: 9 | AA38: 5 | AB38: 5 | AC38: 5 | AD38: 6

Sheet General Information 10 FEMALE
A1: SN | B1: Name (English) | C1: Name (Arabic) | D1: Academic ID | E1: Total Points
A2: 1 | B2: Maryam Nasser Khalid Yousef | C2: مريم ناصر خالد يوسف | D2: 331072239 | E2: =IF(OR(COUNTIF('Attendance 10 FEMALES'!$D$2:$D$39,D2)=0,COUNTIF('Participation 10 FEMALES'!$D$2:$D$37,D2)=0),"CHECK ID",IFERROR(VLOOKUP(D2,'Attendance 10 FEMALES'!$D$2:$AE$39,28,FALSE())+VLOOKUP(D2,'Participation 10 FEMALES'!$D$2:$AD$37,27,FALSE()),"CHECK ID")) -> 216
A3: 2 | B3: Amal Fahad Majed Marwan | C3: أمل فهد ماجد مروان | D3: 368255186 | E3: =IF(OR(COUNTIF('Attendance 10 FEMALES'!$D$2:$D$39,D3)=0,COUNTIF('Participation 10 FEMALES'!$D$2:$D$37,D3)=0),"CHECK ID",IFERROR(VLOOKUP(D3,'Attendance 10 FEMALES'!$D$2:$AE$39,28,FALSE())+VLOOKUP(D3,'Participation 10 FEMALES'!$D$2:$AD$37,27,FALSE()),"CHECK ID")) -> 203
A4: 3 | B4: Aljoharah Hussam Sultan Waleed | C4: الجوهرة حسام سلطان وليد | D4: 405438133 | E4: =IF(OR(COUNTIF('Attendance 10 FEMALES'!$D$2:$D$39,D4)=0,COUNTIF('Participation 10 FEMALES'!$D$2:$D$37,D4)=0),"CHECK ID",IFERROR(VLOOKUP(D4,'Attendance 10 FEMALES'!$D$2:$AE$39,28,FALSE())+VLOOKUP(D4,'Participation 10 FEMALES'!$D$2:$AD$37,27,FALSE()),"CHECK ID")) -> 220
A5: 4 | B5: Leen Ahmed Hussein Nawaf | C5: لين أحمد حسين نواف | D5: 442621080 | E5: =IF(OR(COUNTIF('Attendance 10 FEMALES'!$D$2:$D$39,D5)=0,COUNTIF('Participation 10 FEMALES'!$D$2:$D$37,D5)=0),"CHECK ID",IFERROR(VLOOKUP(D5,'Attendance 10 FEMALES'!$D$2:$AE$39,28,FALSE())+VLOOKUP(D5,'Participation 10 FEMALES'!$D$2:$AD$37,27,FALSE()),"CHECK ID")) -> 224
A6: 5 | B6: Ghina Omar Rayan Yazeed | C6: غنى عمر ريان يزيد | D6: 479804027 | E6: =IF(OR(COUNTIF('Attendance 10 FEMALES'!$D$2:$D$39,D6)=0,COUNTIF('Participation 10 FEMALES'!$D$2:$D$37,D6)=0),"CHECK ID",IFERROR(VLOOKUP(D6,'Attendance 10 FEMALES'!$D$2:$AE$39,28,FALSE())+VLOOKUP(D6,'Participation 10 FEMALES'!$D$2:$AD$37,27,FALSE()),"CHECK ID")) -> 186
A7: 6 | B7: Hatoon Saif Mansour Ibrahim | C7: هتون سيف منصور إبراهيم | D7: 516986974 | E7: =IF(OR(COUNTIF('Attendance 10 FEMALES'!$D$2:$D$39,D7)=0,COUNTIF('Participation 10 FEMALES'!$D$2:$D$37,D7)=0),"CHECK ID",IFERROR(VLOOKUP(D7,'Attendance 10 FEMALES'!$D$2:$AE$39,28,FALSE())+VLOOKUP(D7,'Participation 10 FEMALES'!$D$2:$AD$37,27,FALSE()),"CHECK ID")) -> 207
A8: 7 | B8: Wafa Abdullah Iyad Bassam | C8: وفاء عبدالله إياد بسام | D8: 554169921 | E8: =IF(OR(COUNTIF('Attendance 10 FEMALES'!$D$2:$D$39,D8)=0,COUNTIF('Participation 10 FEMALES'!$D$2:$D$37,D8)=0),"CHECK ID",IFERROR(VLOOKUP(D8,'Attendance 10 FEMALES'!$D$2:$AE$39,28,FALSE())+VLOOKUP(D8,'Participation 10 FEMALES'!$D$2:$AD$37,27,FALSE()),"CHECK ID")) -> 188
A9: 8 | B9: Amani Saad Nayef Hamad | C9: أماني سعد نايف حمد | D9: 591352868 | E9: =IF(OR(COUNTIF('Attendance 10 FEMALES'!$D$2:$D$39,D9)=0,COUNTIF('Participation 10 FEMALES'!$D$2:$D$37,D9)=0),"CHECK ID",IFERROR(VLOOKUP(D9,'Attendance 10 FEMALES'!$D$2:$AE$39,28,FALSE())+VLOOKUP(D9,'Participation 10 FEMALES'!$D$2:$AD$37,27,FALSE()),"CHECK ID")) -> 213
A10: 9 | B10: Moudi Hamed Hamad Tamim | C10: موضي حامد حمد تميم | D10: 628535815 | E10: =IF(OR(COUNTIF('Attendance 10 FEMALES'!$D$2:$D$39,D10)=0,COUNTIF('Participation 10 FEMALES'!$D$2:$D$37,D10)=0),"CHECK ID",IFERROR(VLOOKUP(D10,'Attendance 10 FEMALES'!$D$2:$AE$39,28,FALSE())+VLOOKUP(D10,'Participation 10 FEMALES'!$D$2:$AD$37,27,FALSE()),"CHECK ID")) -> 176
A11: 10 | B11: Layan Ziyad Adnan Omar | C11: ليان زياد عدنان عمر | D11: 665718762 | E11: =IF(OR(COUNTIF('Attendance 10 FEMALES'!$D$2:$D$39,D11)=0,COUNTIF('Participation 10 FEMALES'!$D$2:$D$37,D11)=0),"CHECK ID",IFERROR(VLOOKUP(D11,'Attendance 10 FEMALES'!$D$2:$AE$39,28,FALSE())+VLOOKUP(D11,'Participation 10 FEMALES'!$D$2:$AD$37,27,FALSE()),"CHECK ID")) -> 180
A12: 11 | B12: Rawan Rayan Rakan Fawaz | C12: روان ريان راكان فواز | D12: 702901709 | E12: =IF(OR(COUNTIF('Attendance 10 FEMALES'!$D$2:$D$39,D12)=0,COUNTIF('Participation 10 FEMALES'!$D$2:$D$37,D12)=0),"CHECK ID",IFERROR(VLOOKUP(D12,'Attendance 10 FEMALES'!$D$2:$AE$39,28,FALSE())+VLOOKUP(D12,'Participation 10 FEMALES'!$D$2:$AD$37,27,FALSE()),"CHECK ID")) -> 222
A13: 12 | B13: Sarah Faisal Mohannad Yousef | C13: سارة فيصل مهند يوسف | D13: 740084656 | E13: =IF(OR(COUNTIF('Attendance 10 FEMALES'!$D$2:$D$39,D13)=0,COUNTIF('Participation 10 FEMALES'!$D$2:$D$37,D13)=0),"CHECK ID",IFERROR(VLOOKUP(D13,'Attendance 10 FEMALES'!$D$2:$AE$39,28,FALSE())+VLOOKUP(D13,'Participation 10 FEMALES'!$D$2:$AD$37,27,FALSE()),"CHECK ID")) -> 197
... A36: 35 | B36: Leen Adnan Mohammed Waleed | C36: لين عدنان محمد وليد | D36: 595292437 | E36: =IF(OR(COUNTIF('Attendance 10 FEMALES'!$D$2:$D$39,D36)=0,COUNTIF('Participation 10 FEMALES'!$D$2:$D$37,D36)=0),"CHECK ID",IFERROR(VLOOKUP(D36,'Attendance 10 FEMALES'!$D$2:$AE$39,28,FALSE())+VLOOKUP(D36,'Participation 10 FEMALES'!$D$2:$AD$37,27,FALSE()),"CHECK ID")) -> 217

Sheet General Information 11 FEMALE
A1: SN | B1: Name (English) | C1: Name (Arabic) | D1: Academic ID | E1: Total Points
A2: 1 | B2: Reema Rayan Nawaf Abdullah | C2: ريما ريان نواف عبدالله | D2: 333072239 | E2: =IF(OR(COUNTIF('Attendance 11 FEMALES'!$D$2:$D$41,D2)=0,COUNTIF('Participation 11 FEMALES'!$D$2:$D$40,D2)=0),"CHECK ID",IFERROR(VLOOKUP(D2,'Attendance 11 FEMALES'!$D$2:$AE$41,28,FALSE())+VLOOKUP(D2,'Participation 11 FEMALES'!$D$2:$AD$40,27,FALSE()),"CHECK ID")) -> 148
A3: 2 | B3: Reema Jaber Abdullah Mazen | C3: ريما جابر عبدالله مازن | D3: 370255186 | E3: =IF(OR(COUNTIF('Attendance 11 FEMALES'!$D$2:$D$41,D3)=0,COUNTIF('Participation 11 FEMALES'!$D$2:$D$40,D3)=0),"CHECK ID",IFERROR(VLOOKUP(D3,'Attendance 11 FEMALES'!$D$2:$AE$41,28,FALSE())+VLOOKUP(D3,'Participation 11 FEMALES'!$D$2:$AD$40,27,FALSE()),"CHECK ID")) -> 220
A4: 3 | B4: Ghada Nayef Yazeed Marwan | C4: غادة نايف يزيد مروان | D4: 407438133 | E4: =IF(OR(COUNTIF('Attendance 11 FEMALES'!$D$2:$D$41,D4)=0,COUNTIF('Participation 11 FEMALES'!$D$2:$D$40,D4)=0),"CHECK ID",IFERROR(VLOOKUP(D4,'Attendance 11 FEMALES'!$D$2:$AE$41,28,FALSE())+VLOOKUP(D4,'Participation 11 FEMALES'!$D$2:$AD$40,27,FALSE()),"CHECK ID")) -> 144
A5: 4 | B5: Raghad Faisal Anas Yousef | C5: رغد فيصل أنس يوسف | D5: 444621080 | E5: =IF(OR(COUNTIF('Attendance 11 FEMALES'!$D$2:$D$41,D5)=0,COUNTIF('Participation 11 FEMALES'!$D$2:$D$40,D5)=0),"CHECK ID",IFERROR(VLOOKUP(D5,'Attendance 11 FEMALES'!$D$2:$AE$41,28,FALSE())+VLOOKUP(D5,'Participation 11 FEMALES'!$D$2:$AD$40,27,FALSE()),"CHECK ID")) -> 175
A6: 5 | B6: Atheer Hussam Majed Ali | C6: أثير حسام ماجد علي | D6: 481804027 | E6: =IF(OR(COUNTIF('Attendance 11 FEMALES'!$D$2:$D$41,D6)=0,COUNTIF('Participation 11 FEMALES'!$D$2:$D$40,D6)=0),"CHECK ID",IFERROR(VLOOKUP(D6,'Attendance 11 FEMALES'!$D$2:$AE$41,28,FALSE())+VLOOKUP(D6,'Participation 11 FEMALES'!$D$2:$AD$40,27,FALSE()),"CHECK ID")) -> 143
A7: 6 | B7: Wadha Hussein Mazen Abdulmalik | C7: وضحى حسين مازن عبدالملك | D7: 518986974 | E7: =IF(OR(COUNTIF('Attendance 11 FEMALES'!$D$2:$D$41,D7)=0,COUNTIF('Participation 11 FEMALES'!$D$2:$D$40,D7)=0),"CHECK ID",IFERROR(VLOOKUP(D7,'Attendance 11 FEMALES'!$D$2:$AE$41,28,FALSE())+VLOOKUP(D7,'Participation 11 FEMALES'!$D$2:$AD$40,27,FALSE()),"CHECK ID")) -> 179
A8: 7 | B8: Jana Abdullah Badr Ziyad | C8: جنى عبدالله بدر زياد | D8: 556169921 | E8: =IF(OR(COUNTIF('Attendance 11 FEMALES'!$D$2:$D$41,D8)=0,COUNTIF('Participation 11 FEMALES'!$D$2:$D$40,D8)=0),"CHECK ID",IFERROR(VLOOKUP(D8,'Attendance 11 FEMALES'!$D$2:$AE$41,28,FALSE())+VLOOKUP(D8,'Participation 11 FEMALES'!$D$2:$AD$40,27,FALSE()),"CHECK ID")) -> 204
A9: 8 | B9: Afnan Saleh Abdulrahman Badr | C9: أفنان صالح عبدالرحمن بدر | D9: 593352868 | E9: =IF(OR(COUNTIF('Attendance 11 FEMALES'!$D$2:$D$41,D9)=0,COUNTIF('Participation 11 FEMALES'!$D$2:$D$40,D9)=0),"CHECK ID",IFERROR(VLOOKUP(D9,'Attendance 11 FEMALES'!$D$2:$AE$41,28,FALSE())+VLOOKUP(D9,'Participation 11 FEMALES'!$D$2:$AD$40,27,FALSE()),"CHECK ID")) -> 125
A10: 9 | B10: Haneen Marwan Mansour Hadi | C10: حنين مروان منصور هادي | D10: 630535815 | E10: =IF(OR(COUNTIF('Attendance 11 FEMALES'!$D$2:$D$41,D10)=0,COUNTIF('Participation 11 FEMALES'!$D$2:$D$40,D10)=0),"CHECK ID",IFERROR(VLOOKUP(D10,'Attendance 11 FEMALES'!$D$2:$AE$41,28,FALSE())+VLOOKUP(D10,'Participation 11 FEMALES'!$D$2:$AD$40,27,FALSE()),"CHECK ID")) -> 176
A11: 10 | B11: Fatimah Saleh Saud Ali | C11: فاطمة صالح سعود علي | D11: 667718762 | E11: =IF(OR(COUNTIF('Attendance 11 FEMALES'!$D$2:$D$41,D11)=0,COUNTIF('Participation 11 FEMALES'!$D$2:$D$40,D11)=0),"CHECK ID",IFERROR(VLOOKUP(D11,'Attendance 11 FEMALES'!$D$2:$AE$41,28,FALSE())+VLOOKUP(D11,'Participation 11 FEMALES'!$D$2:$AD$40,27,FALSE()),"CHECK ID")) -> 150
A12: 11 | B12: Fatimah Basheer Nayef Faris | C12: فاطمة بشير نايف فارس | D12: 704901709 | E12: =IF(OR(COUNTIF('Attendance 11 FEMALES'!$D$2:$D$41,D12)=0,COUNTIF('Participation 11 FEMALES'!$D$2:$D$40,D12)=0),"CHECK ID",IFERROR(VLOOKUP(D12,'Attendance 11 FEMALES'!$D$2:$AE$41,28,FALSE())+VLOOKUP(D12,'Participation 11 FEMALES'!$D$2:$AD$40,27,FALSE()),"CHECK ID")) -> 66
A13: 12 | B13: Mashael Rami Marwan Basheer | C13: مشاعل رامي مروان بشير | D13: 742084656 | E13: =IF(OR(COUNTIF('Attendance 11 FEMALES'!$D$2:$D$41,D13)=0,COUNTIF('Participation 11 FEMALES'!$D$2:$D$40,D13)=0),"CHECK ID",IFERROR(VLOOKUP(D13,'Attendance 11 FEMALES'!$D$2:$AE$41,28,FALSE())+VLOOKUP(D13,'Participation 11 FEMALES'!$D$2:$AD$40,27,FALSE()),"CHECK ID")) -> 152
... A40: 39 | B40: Haya Saleh Rakan Rayan | C40: هيا صالح راكان ريان | D40: 746024225 | E40: =IF(OR(COUNTIF('Attendance 11 FEMALES'!$D$2:$D$41,D40)=0,COUNTIF('Participation 11 FEMALES'!$D$2:$D$40,D40)=0),"CHECK ID",IFERROR(VLOOKUP(D40,'Attendance 11 FEMALES'!$D$2:$AE$41,28,FALSE())+VLOOKUP(D40,'Participation 11 FEMALES'!$D$2:$AD$40,27,FALSE()),"CHECK ID")) -> 180

Sheet General Information 12 FEMALE
A1: SN | B1: Name (English) | C1: Name (Arabic) | D1: Academic ID | E1: Total Points
A2: 1 | B2: Isra Hassan Salem Ayman | C2: إسراء حسن سالم أيمن | D2: 335072239 | E2: =IF(OR(COUNTIF('Attendance 12 FEMALES'!$D$2:$D$36,D2)=0,COUNTIF('Participation 12 FEMALES'!$D$2:$D$37,D2)=0),"CHECK ID",IFERROR(VLOOKUP(D2,'Attendance 12 FEMALES'!$D$2:$AE$36,28,FALSE())+VLOOKUP(D2,'Participation 12 FEMALES'!$D$2:$AD$37,27,FALSE()),"CHECK ID")) -> 167
A3: 2 | B3: Maha Faisal Saud Hussein | C3: مها فيصل سعود حسين | D3: 372255186 | E3: =IF(OR(COUNTIF('Attendance 12 FEMALES'!$D$2:$D$36,D3)=0,COUNTIF('Participation 12 FEMALES'!$D$2:$D$37,D3)=0),"CHECK ID",IFERROR(VLOOKUP(D3,'Attendance 12 FEMALES'!$D$2:$AE$36,28,FALSE())+VLOOKUP(D3,'Participation 12 FEMALES'!$D$2:$AD$37,27,FALSE()),"CHECK ID")) -> 196
A4: 3 | B4: Haneen Faris Bassam Tariq | C4: حنين فارس بسام طارق | D4: 409438133 | E4: =IF(OR(COUNTIF('Attendance 12 FEMALES'!$D$2:$D$36,D4)=0,COUNTIF('Participation 12 FEMALES'!$D$2:$D$37,D4)=0),"CHECK ID",IFERROR(VLOOKUP(D4,'Attendance 12 FEMALES'!$D$2:$AE$36,28,FALSE())+VLOOKUP(D4,'Participation 12 FEMALES'!$D$2:$AD$37,27,FALSE()),"CHECK ID")) -> 213
A5: 4 | B5: Hoor Muath Mohannad Badr | C5: حور معاذ مهند بدر | D5: 446621080 | E5: =IF(OR(COUNTIF('Attendance 12 FEMALES'!$D$2:$D$36,D5)=0,COUNTIF('Participation 12 FEMALES'!$D$2:$D$37,D5)=0),"CHECK ID",IFERROR(VLOOKUP(D5,'Attendance 12 FEMALES'!$D$2:$AE$36,28,FALSE())+VLOOKUP(D5,'Participation 12 FEMALES'!$D$2:$AD$37,27,FALSE()),"CHECK ID")) -> 217
A6: 5 | B6: Lana Hassan Saad Abdulmalik | C6: لانا حسن سعد عبدالملك | D6: 483804027 | E6: =IF(OR(COUNTIF('Attendance 12 FEMALES'!$D$2:$D$36,D6)=0,COUNTIF('Participation 12 FEMALES'!$D$2:$D$37,D6)=0),"CHECK ID",IFERROR(VLOOKUP(D6,'Attendance 12 FEMALES'!$D$2:$AE$36,28,FALSE())+VLOOKUP(D6,'Participation 12 FEMALES'!$D$2:$AD$37,27,FALSE()),"CHECK ID")) -> 166
A7: 6 | B7: Muneerah Saqr Abdullah Saad | C7: منيرة صقر عبدالله سعد | D7: 520986974 | E7: =IF(OR(COUNTIF('Attendance 12 FEMALES'!$D$2:$D$36,D7)=0,COUNTIF('Participation 12 FEMALES'!$D$2:$D$37,D7)=0),"CHECK ID",IFERROR(VLOOKUP(D7,'Attendance 12 FEMALES'!$D$2:$AE$36,28,FALSE())+VLOOKUP(D7,'Participation 12 FEMALES'!$D$2:$AD$37,27,FALSE()),"CHECK ID")) -> 95
A8: 7 | B8: Mashael Hamad Tariq Yousef | C8: مشاعل حمد طارق يوسف | D8: 558169921 | E8: =IF(OR(COUNTIF('Attendance 12 FEMALES'!$D$2:$D$36,D8)=0,COUNTIF('Participation 12 FEMALES'!$D$2:$D$37,D8)=0),"CHECK ID",IFERROR(VLOOKUP(D8,'Attendance 12 FEMALES'!$D$2:$AE$36,28,FALSE())+VLOOKUP(D8,'Participation 12 FEMALES'!$D$2:$AD$37,27,FALSE()),"CHECK ID")) -> 128
A9: 8 | B9: Maha Salman Hazem Saad | C9: مها سلمان حازم سعد | D9: 595352868 | E9: =IF(OR(COUNTIF('Attendance 12 FEMALES'!$D$2:$D$36,D9)=0,COUNTIF('Participation 12 FEMALES'!$D$2:$D$37,D9)=0),"CHECK ID",IFERROR(VLOOKUP(D9,'Attendance 12 FEMALES'!$D$2:$AE$36,28,FALSE())+VLOOKUP(D9,'Participation 12 FEMALES'!$D$2:$AD$37,27,FALSE()),"CHECK ID")) -> 217
A10: 9 | B10: Ghala Thamer Ayman Tariq | C10: غلا ثامر أيمن طارق | D10: 632535815 | E10: =IF(OR(COUNTIF('Attendance 12 FEMALES'!$D$2:$D$36,D10)=0,COUNTIF('Participation 12 FEMALES'!$D$2:$D$37,D10)=0),"CHECK ID",IFERROR(VLOOKUP(D10,'Attendance 12 FEMALES'!$D$2:$AE$36,28,FALSE())+VLOOKUP(D10,'Participation 12 FEMALES'!$D$2:$AD$37,27,FALSE()),"CHECK ID")) -> 135
A11: 10 | B11: Dima Muath Fawaz Hamed | C11: ديما معاذ فواز حامد | D11: 669718762 | E11: =IF(OR(COUNTIF('Attendance 12 FEMALES'!$D$2:$D$36,D11)=0,COUNTIF('Participation 12 FEMALES'!$D$2:$D$37,D11)=0),"CHECK ID",IFERROR(VLOOKUP(D11,'Attendance 12 FEMALES'!$D$2:$AE$36,28,FALSE())+VLOOKUP(D11,'Participation 12 FEMALES'!$D$2:$AD$37,27,FALSE()),"CHECK ID")) -> 164
A12: 11 | B12: Latifah Yazeed Adnan Mohammed | C12: لطيفة يزيد عدنان محمد | D12: 706901709 | E12: =IF(OR(COUNTIF('Attendance 12 FEMALES'!$D$2:$D$36,D12)=0,COUNTIF('Participation 12 FEMALES'!$D$2:$D$37,D12)=0),"CHECK ID",IFERROR(VLOOKUP(D12,'Attendance 12 FEMALES'!$D$2:$AE$36,28,FALSE())+VLOOKUP(D12,'Participation 12 FEMALES'!$D$2:$AD$37,27,FALSE()),"CHECK ID")) -> 182
A13: 12 | B13: Asmaa Mohannad Mansour Ayman | C13: أسماء مهند منصور أيمن | D13: 744084656 | E13: =IF(OR(COUNTIF('Attendance 12 FEMALES'!$D$2:$D$36,D13)=0,COUNTIF('Participation 12 FEMALES'!$D$2:$D$37,D13)=0),"CHECK ID",IFERROR(VLOOKUP(D13,'Attendance 12 FEMALES'!$D$2:$AE$36,28,FALSE())+VLOOKUP(D13,'Participation 12 FEMALES'!$D$2:$AD$37,27,FALSE()),"CHECK ID")) -> 194
... A34: 33 | B34: Sarah Tariq Hazem Munther | C34: سارة طارق حازم منذر | D34: 524926543 | E34: =IF(OR(COUNTIF('Attendance 12 FEMALES'!$D$2:$D$36,D34)=0,COUNTIF('Participation 12 FEMALES'!$D$2:$D$37,D34)=0),"CHECK ID",IFERROR(VLOOKUP(D34,'Attendance 12 FEMALES'!$D$2:$AE$36,28,FALSE())+VLOOKUP(D34,'Participation 12 FEMALES'!$D$2:$AD$37,27,FALSE()),"CHECK ID")) -> 142

Sheet Participation 10 MALES
A1: SN | B1: Name (English) | C1: Name (Arabic) | D1: Academic ID | E1: Day-1 | F1: Day-2 | G1: Day-3 | H1: Day-4 | I1: Day-5 | J1: Day-6 | K1: Day-7 | L1: Day-8 | M1: Day-9 | N1: Day-10 | O1: Day-11 | P1: Day-12 | Q1: Day-13 | R1: Day-14 | S1: Day-15 | T1: Day-16 | U1: Day-17 | V1: Day-18 | W1: Day-19 | X1: Day-20 | Y1: Day-21 | Z1: Day-22 | AA1: Day-23 | AB1: Day-24 | AC1: Day-25 | AD1: Total
A2: 1 | B2: Hamad Ahmed Nawaf Mohannad | C2: حمد أحمد نواف مهند | D2: 332072239 | E2: 3 | F2: 7 | G2: 0 | H2: 6 | I2: 3 | J2: 3 | K2: 9 | L2: 8 | M2: 7 | N2: 3 | O2: 2 | P2: 6 | Q2: 10 | R2: 0 | S2: 2 | T2: 2 | U2: 10 | V2: 7 | W2: 7 | X2: 7 | Y2: 3 | Z2: 5 | AA2: 5 | AB2: 8 | AC2: 9 | AD2: =SUM(E2:AC2) -> 132
A3: 2 | B3: Majed Mohammed Salman Marwan | C3: ماجد محمد سلمان مروان | D3: 369255186 | E3: 5 | F3: 10 | G3: 9 | H3: 4 | I3: 6 | J3: 9 | K3: 1 | L3: 6 | M3: 7 | N3: 8 | O3: 2 | P3: 5 | Q3: 3 | R3: 10 | S3: 2 | T3: 2 | U3: 10 | V3: 8 | W3: 2 | X3: 3 | Y3: 2 | Z3: 2 | AA3: 4 | AB3: 4 | AC3: 9 | AD3: =SUM(E3:AC3) -> 133
A4: 3 | B4: Adnan Munther Abdullah Majed | C4: عدنان منذر عبدالله ماجد | D4: 406438133 | E4: 10 | F4: 7 | G4: 1 | H4: 6 | I4: 6 | J4: 5 | K4: 5 | L4: 5 | M4: 7 | N4: 8 | O4: 3 | P4: 8 | Q4: 5 | R4: 5 | S4: 6 | T4: 3 | U4: 5 | V4: 7 | W4: 7 | X4: 10 | Y4: 8 | Z4: 9 | AA4: 2 | AB4: 7 | AC4: 2 | AD4: =SUM(E4:AC4) -> 147
A5: 4 | B5: Abdulmalik Nasser Ahmed Abdulmalik | C5: عبدالملك ناصر أحمد عبدالملك | D5: 443621080 | E5: 8 | F5: 7 | G5: 4 | H5: 4 | I5: 7 | J5: 0 | K5: 4 | L5: 3 | M5: 10 | N5: 7 | O5: 5 | P5: 3 | Q5: 7 | R5: 6 | S5: 2 | T5: 2 | U5: 3 | V5: 5 | W5: 7 | X5: 8 | Y5: 2 | Z5: 9 | AA5: 5 | AB5: 6 | AC5: 2 | AD5: =SUM(E5:AC5) -> 126
A6: 5 | B6: Iyad Basheer Omar Saud | C6: إياد بشير عمر سعود | D6: 480804027 | E6: 1 | F6: 4 | G6: 8 | H6: 10 | I6: 7 | J6: 3 | K6: 10 | L6: 1 | M6: 7 | N6: 6 | O6: 0 | P6: 4 | Q6: 7 | R6: 0 | S6: 3 | T6: 2 | U6: 3 | V6: 9 | W6: 1 | X6: 0 | Y6: 4 | Z6: 4 | AA6: 9 | AB6: 3 | AC6: 8 | AD6: =SUM(E6:AC6) -> 114
A7: 6 | B7: Khalid Ali Saad Tariq | C7: خالد علي سعد طارق | D7: 517986974 | E7: 7 | F7: 7 | G7: 4 | H7: 8 | I7: 9 | J7: 6 | K7: 4 | L7: 6 | M7: 7 | N7: 6 | O7: 10 | P7: 7 | Q7: 7 | R7: 9 | S7: 8 | T7: 2 | U7: 4 | V7: 2 | W7: 7 | X7: 7 | Y7: 7 | Z7: 5 | AA7: 10 | AB7: 6 | AC7: 9 | AD7: =SUM(E7:AC7) -> 164
A8: 7 | B8: Marwan Munther Hamad Nayef | C8: مروان منذر حمد نايف | D8: 555169921 | E8: 3 | F8: 1 | G8: 4 | H8: 6 | I8: 9 | J8: 8 | K8: 10 | L8: 3 | M8: 2 | N8: 9 | O8: 8 | P8: 0 | Q8: 7 | R8: 6 | S8: 10 | T8: 1 | U8: 5 | V8: 7 | W8: 0 | X8: 3 | Y8: 8 | Z8: 1 | AA8: 0 | AB8: 5 | AC8: 0 | AD8: =SUM(E8:AC8) -> 116
A9: 8 | B9: Jihad Saad Mohannad Mohammed | C9: جهاد سعد مهند محمد | D9: 592352868 | E9: 4 | F9: 9 | G9: 1 | H9: 7 | I9: 2 | J9: 5 | K9: 8 | L9: 2 | M9: 6 | N9: 5 | O9: 6 | P9: 1 | Q9: 7 | R9: 9 | S9: 2 | T9: 2 | U9: 7 | V9: 0 | W9: 7 | X9: 7 | Y9: 4 | Z9: 5 | AA9: 10 | AB9: 6 | AC9: 3 | AD9: =SUM(E9:AC9) -> 125
A10: 9 | B10: Anas Khalid Faris Saad | C10: أنس خالد فارس سعد | D10: 629535815 | E10: 10 | F10: 7 | G10: 0 | H10: 5 | I10: 3 | J10: 6 | K10: 2 | L10: 9 | M10: 7 | N10: 3 | O10: 8 | P10: 3 | Q10: 7 | R10: 9 | S10: 5 | T10: 4 | U10: 6 | V10: 7 | W10: 7 | X10: 7 | Y10: 3 | Z10: 5 | AA10: 0 | AB10: 2 | AC10: 5 | AD10: =SUM(E10:AC10) -> 130
A11: 10 | B11: Ibrahim Sami Nawaf Badr | C11: إبراهيم سامي نواف بدر | D11: 666718762 | E11: 6 | F11: 7 | G11: 10 | H11: 0 | I11: 6 | J11: 3 | K11: 8 | L11: 0 | M11: 7 | N11: 9 | O11: 1 | P11: 7 | Q11: 7 | R11: 1 | S11: 0 | T11: 8 | U11: 5 | V11: 8 | W11: 0 | X11: 7 | Y11: 9 | Z11: 8 | AA11: 0 | AB11: 10 | AC11: 6 | AD11: =SUM(E11:AC11) -> 133
A12: 11 | B12: Tamim Rami Abdulaziz Muath | C12: تميم رامي عبدالعزيز معاذ | D12: 703901709 | E12: 8 | F12: 7 | G12: 10 | H12: 3 | I12: 4 | J12: 7 | K12: 7 | L12: 8 | M12: 7 | N12: 4 | O12: 3 | P12: 0 | Q12: 7 | R12: 5 | S12: 2 | T12: 2 | U12: 2 | V12: 7 | W12: 7 | X12: 0 | Y12: 3 | Z12: 5 | AA12: 2 | AB12: 4 | AC12: 4 | AD12: =SUM(E12:AC12) -> 118
A13: 12 | B13: Ahmed Hadi Yasser Abdulrahman | C13: أحمد هادي ياسر عبدالرحمن | D13: 741084656 | E13: 1 | F13: 7 | G13: 6 | H13: 10 | I13: 4 | J13: 2 | K13: 0 | L13: 8 | M13: 10 | N13: 4 | O13: 1 | P13: 9 | Q13: 3 | R13: 6 | S13: 2 | T13: 10 | U13: 8 | V13: 7 | W13: 5 | X13: 7 | Y13: 2 | Z13: 9 | AA13: 9 | AB13: 10 | AC13: 2 | AD13: =SUM(E13:AC13) -> 142
... A38: 37 | B38: Rami Saqr Mishari Hassan | C38: رامي صقر مشاري حسن | D38: 745024225 | E38: 3 | F38: 7 | G38: 5 | H38: 3 | I38: 1 | J38: 4 | K38: 5 | L38: 0 | M38: 1 | N38: 10 | O38: 3 | P38: 1 | Q38: 4 | R38: 10 | S38: 0 | T38: 10 | U38: 8 | V38: 3 | W38: 0 | X38: 6 | Y38: 7 | Z38: 4 | AA38: 8 | AB38: 4 | AC38: 7 | AD38: =SUM(E38:AC38) -> 114
E39: 1 | F39: 1 | G39: 3 | H39: 6 | I39: 2 | J39: 4 | K39: 6 | L39: 0 | M39: 9 | N39: 1 | O39: 4 | P39: 10 | Q39: 9 | R39: 6 | S39: 7 | T39: 9 | U39: 8 | V39: 6 | W39: 5 | X39: 6 | Y39: 2 | Z39: 9 | AA39: 2 | AB39: 8 | AC39: 1 | AD39: 9

Sheet Participation 11 MALES
A1: SN | B1: Name (English) | C1: Name (Arabic) | D1: Academic ID | E1: Day-1 | F1: Day-2 | G1: Day-3 | H1: Day-4 | I1: Day-5 | J1: Day-6 | K1: Day-7 | L1: Day-8 | M1: Day-9 | N1: Day-10 | O1: Day-11 | P1: Day-12 | Q1: Day-13 | R1: Day-14 | S1: Day-15 | T1: Day-16 | U1: Day-17 | V1: Day-18 | W1: Day-19 | X1: Day-20 | Y1: Day-21 | Z1: Day-22 | AA1: Day-23 | AB1: Day-24 | AC1: Day-25 | AD1: Total
A2: 1 | B2: Nawaf Tamim Sami Omar | C2: نواف تميم سامي عمر | D2: 334072239 | E2: 1 | F2: 2 | G2: 5 | H2: 7 | I2: -2 | J2: 2 | K2: 1 | L2: 2 | M2: 7 | N2: 4 | O2: 5 | P2: 6 | Q2: 10 | R2: 2 | S2: 3 | T2: 2 | U2: 3 | V2: 7 | W2: 2 | X2: 4 | Y2: 7 | Z2: 1 | AA2: 4 | AB2: 10 | AC2: 2 | AD2: =SUM(E2:AC2) -> 97
A3: 2 | B3: Mishari Saif Mohannad Hazem | C3: مشاري سيف مهند حازم | D3: 371255186 | E3: 10 | F3: 2 | G3: 10 | H3: 7 | I3: -2 | J3: 8 | K3: 4 | L3: 2 | M3: 2 | N3: 3 | O3: 5 | P3: 8 | Q3: 0 | R3: 2 | S3: 2 | T3: 3 | U3: 6 | V3: 10 | W3: 9 | X3: 5 | Y3: 4 | Z3: 9 | AA3: 10 | AB3: 7 | AC3: 5 | AD3: =SUM(E3:AC3) -> 131
A4: 3 | B4: Omar Iyad Fahad Hussein | C4: عمر إياد فهد حسين | D4: 408438133 | E4: 7 | F4: 10 | G4: 7 | H4: 7 | I4: -2 | J4: 8 | K4: 1 | L4: 3 | M4: 2 | N4: 3 | O4: 5 | P4: 10 | Q4: 9 | R4: 5 | S4: 10 | T4: 1 | U4: 2 | V4: 10 | W4: 7 | X4: 2 | Y4: 5 | Z4: 7 | AA4: 4 | AB4: 2 | AC4: 0 | AD4: =SUM(E4:AC4) -> 125
A5: 4 | B5: Tariq Sultan Saleh Mishari | C5: طارق سلطان صالح مشاري | D5: 445621080 | E5: 3 | F5: 2 | G5: 9 | H5: 4 | I5: 9 | J5: 7 | K5: 0 | L5: 4 | M5: 2 | N5: 6 | O5: 5 | P5: 2 | Q5: 7 | R5: 7 | S5: 8 | T5: 5 | U5: 2 | V5: 3 | W5: 1 | X5: 10 | Y5: 0 | Z5: 1 | AA5: 6 | AB5: 9 | AC5: 0 | AD5: =SUM(E5:AC5) -> 112
A6: 5 | B6: Salem Saud Abdulmajid Mansour | C6: سالم سعود عبدالمجيد منصور | D6: 482804027 | E6: 2 | F6: 5 | G6: 9 | H6: 7 | I6: -2 | J6: 4 | K6: 7 | L6: 4 | M6: 2 | N6: 5 | O6: 2 | P6: 1 | Q6: 0 | R6: 2 | S6: 6 | T6: 5 | U6: 2 | V6: 6 | W6: 5 | X6: 2 | Y6: 5 | Z6: 3 | AA6: 0 | AB6: 6 | AC6: 4 | AD6: =SUM(E6:AC6) -> 92
A7: 6 | B7: Anas Badr Jihad Saad | C7: أنس بدر جهاد سعد | D7: 519986974 | E7: 5 | F7: 5 | G7: 3 | H7: 0 | I7: 0 | J7: 3 | K7: 10 | L7: 1 | M7: 3 | N7: 9 | O7: 10 | P7: 10 | Q7: 7 | R7: 3 | S7: 4 | T7: 3 | U7: 4 | V7: 7 | W7: 5 | X7: 9 | Y7: 2 | Z7: 0 | AA7: 2 | AB7: 6 | AC7: 9 | AD7: =SUM(E7:AC7) -> 120
A8: 7 | B8: Muath Rashid Saif Jihad | C8: معاذ راشد سيف جهاد | D8: 557169921 | E8: 5 | F8: 10 | G8: 4 | H8: 7 | I8: 4 | J8: 2 | K8: 2 | L8: 5 | M8: 2 | N8: 5 | O8: 1 | P8: 2 | Q8: 9 | R8: 2 | S8: 3 | T8: 7 | U8: 8 | V8: 2 | W8: 3 | X8: 9 | Y8: 0 | Z8: 4 | AA8: 4 | AB8: 9 | AC8: 1 | AD8: =SUM(E8:AC8) -> 110
A9: 8 | B9: Adel Ayman Abdulaziz Muath | C9: عادل أيمن عبدالعزيز معاذ | D9: 594352868 | E9: 8 | F9: 2 | G9: 3 | H9: 7 | I9: -2 | J9: 3 | K9: 1 | L9: 2 | M9: 2 | N9: 3 | O9: 4 | P9: 5 | Q9: 2 | R9: 5 | S9: 10 | T9: 5 | U9: 4 | V9: 2 | W9: 2 | X9: 6 | Y9: 8 | Z9: 7 | AA9: 6 | AB9: 7 | AC9: 8 | AD9: =SUM(E9:AC9) -> 110
A10: 9 | B10: Yousef Muath Yasser Saif | C10: يوسف معاذ ياسر سيف | D10: 631535815 | E10: 9 | F10: 2 | G10: 4 | H10: 7 | I10: -2 | J10: 5 | K10: 1 | L10: 3 | M10: 2 | N10: 3 | O10: 5 | P10: 8 | Q10: 10 | R10: 6 | S10: 10 | T10: 2 | U10: 1 | V10: 10 | W10: 0 | X10: 8 | Y10: 0 | Z10: 3 | AA10: 2 | AB10: 0 | AC10: 8 | AD10: =SUM(E10:AC10) -> 107
A11: 10 | B11: Ibrahim Rami Jassim Badr | C11: إبراهيم رامي جاسم بدر | D11: 668718762 | E11: 7 | F11: 2 | G11: 4 | H11: 7 | I11: 5 | J11: 9 | K11: 2 | L11: 5 | M11: 2 | N11: 2 | O11: 5 | P11: 4 | Q11: 2 | R11: 2 | S11: 2 | T11: 4 | U11: 10 | V11: 3 | W11: 0 | X11: 7 | Y11: 4 | Z11: 10 | AA11: 6 | AB11: 7 | AC11: 8 | AD11: =SUM(E11:AC11) -> 119
A12: 11 | B12: Abdullah Saleh Basheer Rashid | C12: عبدالله صالح بشير راشد | D12: 705901709 | E12: 6 | F12: 2 | G12: 6 | H12: 10 | I12: 2 | J12: 1 | K12: 2 | L12: 3 | M12: 2 | N12: 5 | O12: 5 | P12: 6 | Q12: 2 | R12: 2 | S12: 1 | T12: 0 | U12: 2 | V12: 3 | W12: 10 | X12: 8 | Y12: 8 | Z12: 3 | AA12: 3 | AB12: 1 | AC12: 8 | AD12: =SUM(E12:AC12) -> 101
A13: 12 | B13: Majed Majed Abdulmalik Adel | C13: ماجد ماجد عبدالملك عادل | D13: 743084656 | E13: 5 | F13: 2 | G13: 10 | H13: 5 | I13: -2 | J13: 1 | K13: 4 | L13: 5 | M13: 2 | N13: 4 | O13: 5 | P13: 5 | Q13: 4 | R13: 2 | S13: 2 | T13: 10 | U13: 8 | V13: 1 | W13: 6 | X13: 1 | Y13: 5 | Z13: 1 | AA13: 9 | AB13: 0 | AC13: 9 | AD13: =SUM(E13:AC13) -> 104
... A42: 41 | B42: Thamer Ahmed Hussein Adnan | C42: ثامر أحمد حسين عدنان | D42: 970121907 | E42: 0 | F42: 4 | G42: 1 | H42: 5 | I42: 10 | J42: 0 | K42: 7 | L42: 9 | M42: 10 | N42: 6 | O42: 1 | P42: 3 | Q42: 9 | R42: 2 | S42: 4 | T42: 9 | U42: 4 | V42: 8 | W42: 9 | X42: 5 | Y42: 0 | Z42: 10 | AA42: 0 | AB42: 7 | AC42: 8 | AD42: =SUM(E42:AC42) -> 131
E43: 6 | F43: 1 | G43: 8 | H43: 9 | I43: 4 | J43: 10 | K43: 9 | L43: 0 | M43: 5 | N43: 10 | O43: 8 | P43: 9 | Q43: 6 | R43: 8 | S43: 7 | T43: 10 | U43: 0 | V43: 5 | W43: 2 | X43: 1 | Y43: 6 | Z43: 2 | AA43: 10 | AB43: 0 | AC43: 8 | AD43: 9

Sheet Participation 12 MALES
A1: SN | B1: Name (English) | C1: Name (Arabic) | D1: Academic ID | E1: Day-1 | F1: Day-2 | G1: Day-3 | H1: Day-4 | I1: Day-5 | J1: Day-6 | K1: Day-7 | L1: Day-8 | M1: Day-9 | N1: Day-10 | O1: Day-11 | P1: Day-12 | Q1: Day-13 | R1: Day-14 | S1: Day-15 | T1: Day-16 | U1: Day-17 | V1: Day-18 | W1: Day-19 | X1: Day-20 | Y1: Day-21 | Z1: Day-22 | AA1: Day-23 | AB1: Day-24 | AC1: Day-25 | AD1: Total
A2: 1 | B2: Ibrahim Adel Marwan Majed | C2: إبراهيم عادل مروان ماجد | D2: 336072239 | E2: 6 | F2: 2 | G2: 2 | H2: 10 | I2: 2 | J2: 1 | K2: 10 | L2: 5 | M2: 2 | N2: 7 | O2: 2 | P2: 7 | Q2: 2 | R2: 3 | S2: 5 | T2: 1 | U2: 4 | V2: 1 | W2: 5 | X2: 3 | Y2: 10 | Z2: 3 | AA2: 3 | AB2: 5 | AC2: 5 | AD2: =SUM(E2:AC2) -> 106
A3: 2 | B3: Bandar Iyad Waleed Adnan | C3: بندر إياد وليد عدنان | D3: 373255186 | E3: 8 | F3: 0 | G3: 5 | H3: 3 | I3: 2 | J3: 6 | K3: 6 | L3: 9 | M3: 2 | N3: 4 | O3: 10 | P3: 0 | Q3: 2 | R3: 4 | S3: 7 | T3: 1 | U3: 9 | V3: 9 | W3: 2 | X3: 7 | Y3: 10 | Z3: 8 | AA3: 8 | AB3: 3 | AC3: 3 | AD3: =SUM(E3:AC3) -> 128
A4: 3 | B4: Sami Yazeed Munther Saleh | C4: سامي يزيد منذر صالح | D4: 410438133 | E4: 6 | F4: 0 | G4: 2 | H4: 5 | I4: 2 | J4: 10 | K4: 6 | L4: 1 | M4: 9 | N4: 5 | O4: 10 | P4: 4 | Q4: 9 | R4: 4 | S4: 6 | T4: 1 | U4: 7 | V4: 8 | W4: 8 | X4: 8 | Y4: 3 | Z4: 6 | AA4: 8 | AB4: 7 | AC4: 5 | AD4: =SUM(E4:AC4) -> 140
A5: 4 | B5: Thamer Saif Nayef Hamad | C5: ثامر سيف نايف حمد | D5: 447621080 | E5: 9 | F5: 3 | G5: 9 | H5: 10 | I5: 8 | J5: 6 | K5: 4 | L5: 4 | M5: 9 | N5: 1 | O5: 0 | P5: 2 | Q5: 9 | R5: 5 | S5: 3 | T5: 1 | U5: 10 | V5: 6 | W5: 5 | X5: 9 | Y5: 7 | Z5: 3 | AA5: 4 | AB5: 10 | AC5: 4 | AD5: =SUM(E5:AC5) -> 141
A6: 5 | B6: Bandar Hussam Rashid Ayman | C6: بندر حسام راشد أيمن | D6: 484804027 | E6: 3 | F6: 2 | G6: 4 | H6: 3 | I6: 7 | J6: 2 | K6: 4 | L6: 6 | M6: 2 | N6: 6 | O6: 8 | P6: 5 | Q6: 2 | R6: 2 | S6: 3 | T6: 6 | U6: 5 | V6: 0 | W6: 2 | X6: 9 | Y6: 0 | Z6: 6 | AA6: 7 | AB6: 4 | AC6: 4 | AD6: =SUM(E6:AC6) -> 102
A7: 6 | B7: Yazeed Waleed Ali Saad | C7: يزيد وليد علي سعد | D7: 521986974 | E7: 0 | F7: 2 | G7: 8 | H7: 10 | I7: 2 | J7: 6 | K7: 8 | L7: 10 | M7: 2 | N7: 7 | O7: 8 | P7: 2 | Q7: 2 | R7: 4 | S7: 6 | T7: 5 | U7: 6 | V7: 10 | W7: 4 | X7: 6 | Y7: 10 | Z7: 0 | AA7: 6 | AB7: 7 | AC7: 8 | AD7: =SUM(E7:AC7) -> 139
A8: 7 | B8: Yousef Salem Badr Abdullah | C8: يوسف سالم بدر عبدالله | D8: 559169921 | E8: 8 | F8: 2 | G8: 9 | H8: 2 | I8: 2 | J8: 10 | K8: 0 | L8: 9 | M8: 2 | N8: 7 | O8: 0 | P8: 0 | Q8: 2 | R8: 10 | S8: 8 | T8: 3 | U8: 1 | V8: 6 | W8: 9 | X8: 7 | Y8: 0 | Z8: 5 | AA8: 6 | AB8: 9 | AC8: 6 | AD8: =SUM(E8:AC8) -> 123
A9: 8 | B9: Abdulaziz Marwan Salem Nayef | C9: عبدالعزيز مروان سالم نايف | D9: 596352868 | E9: 7 | F9: 2 | G9: 10 | H9: 1 | I9: 2 | J9: 10 | K9: 0 | L9: 3 | M9: 2 | N9: 3 | O9: 10 | P9: 0 | Q9: 3 | R9: 5 | S9: 6 | T9: 6 | U9: 6 | V9: 10 | W9: 9 | X9: 2 | Y9: 10 | Z9: 10 | AA9: 6 | AB9: 9 | AC9: 0 | AD9: =SUM(E9:AC9) -> 132
A10: 9 | B10: Yousef Marzouq Badr Hussam | C10: يوسف مرزوق بدر حسام | D10: 633535815 | E10: 4 | F10: 2 | G10: 7 | H10: 9 | I10: 2 | J10: 6 | K10: 8 | L10: 3 | M10: 2 | N10: 9 | O10: 5 | P10: 0 | Q10: 2 | R10: 2 | S10: 6 | T10: 6 | U10: 5 | V10: 9 | W10: 8 | X10: 8 | Y10: 9 | Z10: 3 | AA10: 5 | AB10: 0 | AC10: 3 | AD10: =SUM(E10:AC10) -> 123
A11: 10 | B11: Rayan Yazeed Muath Nasser | C11: ريان يزيد معاذ ناصر | D11: 670718762 | E11: 0 | F11: 2 | G11: 5 | H11: 6 | I11: 1 | J11: 10 | K11: 10 | L11: 7 | M11: 2 | N11: 10 | O11: 8 | P11: 0 | Q11: 5 | R11: 3 | S11: 7 | T11: 1 | U11: 1 | V11: 3 | W11: 4 | X11: 6 | Y11: 2 | Z11: 6 | AA11: 1 | AB11: 3 | AC11: 2 | AD11: =SUM(E11:AC11) -> 105
A12: 11 | B12: Munther Hadi Ayman Mohannad | C12: منذر هادي أيمن مهند | D12: 707901709 | E12: 6 | F12: 2 | G12: 3 | H12: 2 | I12: 1 | J12: 1 | K12: 7 | L12: 0 | M12: 2 | N12: 0 | O12: 7 | P12: 2 | Q12: 2 | R12: 9 | S12: 7 | T12: 8 | U12: 5 | V12: 10 | W12: 1 | X12: 9 | Y12: 2 | Z12: 8 | AA12: 2 | AB12: 1 | AC12: 0 | AD12: =SUM(E12:AC12) -> 97
A13: 12 | B13: Badr Tariq Bassam Rayan | C13: بدر طارق بسام ريان | D13: 745084656 | E13: 2 | F13: 2 | G13: 3 | H13: 10 | I13: 2 | J13: 4 | K13: 0 | L13: 10 | M13: 2 | N13: 0 | O13: 1 | P13: 7 | Q13: 2 | R13: 2 | S13: 1 | T13: 3 | U13: 1 | V13: 1 | W13: 2 | X13: 9 | Y13: 2 | Z13: 0 | AA13: 5 | AB13: 1 | AC13: 6 | AD13: =SUM(E13:AC13) -> 78
... A34: 33 | B34: Majed Sami Basheer Yazeed | C34: ماجد سامي بشير يزيد | D34: 637475384 | E34: 2 | F34: 7 | G34: 8 | H34: 10 | I34: 2 | J34: 4 | K34: 4 | L34: 10 | M34: 1 | N34: 2 | O34: 7 | P34: 10 | Q34: 2 | R34: 3 | S34: 9 | T34: 2 | U34: 6 | V34: 3 | W34: 2 | X34: 6 | Y34: 0 | Z34: 3 | AA34: 0 | AB34: 8 | AC34: 3 | AD34: =SUM(E34:AC34) -> 114
E35: 7 | F35: 9 | G35: 7 | H35: 2 | I35: 6 | J35: 5 | K35: 4 | L35: 9 | M35: 5 | N35: 1 | O35: 2 | P35: 1 | Q35: 3 | R35: 9 | S35: 2 | T35: 0 | U35: 6 | V35: 2 | W35: 8 | X35: 6 | Y35: 6 | Z35: 4 | AA35: 4 | AB35: 10 | AC35: 1 | AD35: =SUM(E35:AC35) -> 119
E36: 9 | F36: 8 | G36: 1 | H36: 10 | I36: 0 | J36: 0 | K36: 8 | L36: 8 | M36: 7 | N36: 7 | O36: 2 | P36: 6 | Q36: 4 | R36: 4 | S36: 0 | T36: 8 | U36: 1 | V36: 2 | W36: 10 | X36: 4 | Y36: 5 | Z36: 4 | AA36: 2 | AB36: 1 | AC36: 4 | AD36: 10
E37: 10 | F37: 1 | G37: 1 | H37: 3 | I37: 8 | J37: 2 | K37: 0 | L37: 9 | M37: 4 | N37: 2 | O37: 4 | P37: 5 | Q37: 7 | R37: 9 | S37: 7 | T37: 7 | U37: 7 | V37: 5 | W37: 0 | X37: 3 | Y37: 5 | Z37: 1 | AA37: 9 | AB37: 10 | AC37: 8 | AD37: 6

Sheet General Information 10 MALES
A1: SN | B1: Name (English) | C1: Name (Arabic) | D1: Academic ID | E1: Total Points
A2: 1 | B2: Hamad Ahmed Nawaf Mohannad | C2: حمد أحمد نواف مهند | D2: 332072239 | E2: =IF(OR(COUNTIF('Attendance 10 MALES'!$D$2:$D$38,D2)=0,COUNTIF('Participation 10 MALES'!$D$2:$D$38,D2)=0),"CHECK ID",IFERROR(VLOOKUP(D2,'Attendance 10 MALES'!$D$2:$AE$38,28,FALSE())+VLOOKUP(D2,'Participation 10 MALES'!$D$2:$AD$38,27,FALSE()),"CHECK ID")) -> 232
A3: 2 | B3: Majed Mohammed Salman Marwan | C3: ماجد محمد سلمان مروان | D3: 369255186 | E3: =IF(OR(COUNTIF('Attendance 10 MALES'!$D$2:$D$38,D3)=0,COUNTIF('Participation 10 MALES'!$D$2:$D$38,D3)=0),"CHECK ID",IFERROR(VLOOKUP(D3,'Attendance 10 MALES'!$D$2:$AE$38,28,FALSE())+VLOOKUP(D3,'Participation 10 MALES'!$D$2:$AD$38,27,FALSE()),"CHECK ID")) -> 113
A4: 3 | B4: Adnan Munther Abdullah Majed | C4: عدنان منذر عبدالله ماجد | D4: 406438133 | E4: =IF(OR(COUNTIF('Attendance 10 MALES'!$D$2:$D$38,D4)=0,COUNTIF('Participation 10 MALES'!$D$2:$D$38,D4)=0),"CHECK ID",IFERROR(VLOOKUP(D4,'Attendance 10 MALES'!$D$2:$AE$38,28,FALSE())+VLOOKUP(D4,'Participation 10 MALES'!$D$2:$AD$38,27,FALSE()),"CHECK ID")) -> 227
A5: 4 | B5: Abdulmalik Nasser Ahmed Abdulmalik | C5: عبدالملك ناصر أحمد عبدالملك | D5: 443621080 | E5: =IF(OR(COUNTIF('Attendance 10 MALES'!$D$2:$D$38,D5)=0,COUNTIF('Participation 10 MALES'!$D$2:$D$38,D5)=0),"CHECK ID",IFERROR(VLOOKUP(D5,'Attendance 10 MALES'!$D$2:$AE$38,28,FALSE())+VLOOKUP(D5,'Participation 10 MALES'!$D$2:$AD$38,27,FALSE()),"CHECK ID")) -> 196
A6: 5 | B6: Iyad Basheer Omar Saud | C6: إياد بشير عمر سعود | D6: 480804027 | E6: =IF(OR(COUNTIF('Attendance 10 MALES'!$D$2:$D$38,D6)=0,COUNTIF('Participation 10 MALES'!$D$2:$D$38,D6)=0),"CHECK ID",IFERROR(VLOOKUP(D6,'Attendance 10 MALES'!$D$2:$AE$38,28,FALSE())+VLOOKUP(D6,'Participation 10 MALES'!$D$2:$AD$38,27,FALSE()),"CHECK ID")) -> 144
A7: 6 | B7: Khalid Ali Saad Tariq | C7: خالد علي سعد طارق | D7: 517986974 | E7: =IF(OR(COUNTIF('Attendance 10 MALES'!$D$2:$D$38,D7)=0,COUNTIF('Participation 10 MALES'!$D$2:$D$38,D7)=0),"CHECK ID",IFERROR(VLOOKUP(D7,'Attendance 10 MALES'!$D$2:$AE$38,28,FALSE())+VLOOKUP(D7,'Participation 10 MALES'!$D$2:$AD$38,27,FALSE()),"CHECK ID")) -> 264
A8: 7 | B8: Marwan Munther Hamad Nayef | C8: مروان منذر حمد نايف | D8: 555169921 | E8: =IF(OR(COUNTIF('Attendance 10 MALES'!$D$2:$D$38,D8)=0,COUNTIF('Participation 10 MALES'!$D$2:$D$38,D8)=0),"CHECK ID",IFERROR(VLOOKUP(D8,'Attendance 10 MALES'!$D$2:$AE$38,28,FALSE())+VLOOKUP(D8,'Participation 10 MALES'!$D$2:$AD$38,27,FALSE()),"CHECK ID")) -> 176
A9: 8 | B9: Jihad Saad Mohannad Mohammed | C9: جهاد سعد مهند محمد | D9: 592352868 | E9: =IF(OR(COUNTIF('Attendance 10 MALES'!$D$2:$D$38,D9)=0,COUNTIF('Participation 10 MALES'!$D$2:$D$38,D9)=0),"CHECK ID",IFERROR(VLOOKUP(D9,'Attendance 10 MALES'!$D$2:$AE$38,28,FALSE())+VLOOKUP(D9,'Participation 10 MALES'!$D$2:$AD$38,27,FALSE()),"CHECK ID")) -> 195
A10: 9 | B10: Anas Khalid Faris Saad | C10: أنس خالد فارس سعد | D10: 629535815 | E10: =IF(OR(COUNTIF('Attendance 10 MALES'!$D$2:$D$38,D10)=0,COUNTIF('Participation 10 MALES'!$D$2:$D$38,D10)=0),"CHECK ID",IFERROR(VLOOKUP(D10,'Attendance 10 MALES'!$D$2:$AE$38,28,FALSE())+VLOOKUP(D10,'Participation 10 MALES'!$D$2:$AD$38,27,FALSE()),"CHECK ID")) -> 210
A11: 10 | B11: Ibrahim Sami Nawaf Badr | C11: إبراهيم سامي نواف بدر | D11: 666718762 | E11: =IF(OR(COUNTIF('Attendance 10 MALES'!$D$2:$D$38,D11)=0,COUNTIF('Participation 10 MALES'!$D$2:$D$38,D11)=0),"CHECK ID",IFERROR(VLOOKUP(D11,'Attendance 10 MALES'!$D$2:$AE$38,28,FALSE())+VLOOKUP(D11,'Participation 10 MALES'!$D$2:$AD$38,27,FALSE()),"CHECK ID")) -> 193
A12: 11 | B12: Tamim Rami Abdulaziz Muath | C12: تميم رامي عبدالعزيز معاذ | D12: 703901709 | E12: =IF(OR(COUNTIF('Attendance 10 MALES'!$D$2:$D$38,D12)=0,COUNTIF('Participation 10 MALES'!$D$2:$D$38,D12)=0),"CHECK ID",IFERROR(VLOOKUP(D12,'Attendance 10 MALES'!$D$2:$AE$38,28,FALSE())+VLOOKUP(D12,'Participation 10 MALES'!$D$2:$AD$38,27,FALSE()),"CHECK ID")) -> 218
A13: 12 | B13: Ahmed Hadi Yasser Abdulrahman | C13: أحمد هادي ياسر عبدالرحمن | D13: 741084656 | E13: =IF(OR(COUNTIF('Attendance 10 MALES'!$D$2:$D$38,D13)=0,COUNTIF('Participation 10 MALES'!$D$2:$D$38,D13)=0),"CHECK ID",IFERROR(VLOOKUP(D13,'Attendance 10 MALES'!$D$2:$AE$38,28,FALSE())+VLOOKUP(D13,'Participation 10 MALES'!$D$2:$AD$38,27,FALSE()),"CHECK ID")) -> 127
... A36: 35 | B36: Yasser Abdulmajid Rashid Tamim | C36: ياسر عبدالمجيد راشد تميم | D36: 596292437 | E36: =IF(OR(COUNTIF('Attendance 10 MALES'!$D$2:$D$38,D36)=0,COUNTIF('Participation 10 MALES'!$D$2:$D$38,D36)=0),"CHECK ID",IFERROR(VLOOKUP(D36,'Attendance 10 MALES'!$D$2:$AE$38,28,FALSE())+VLOOKUP(D36,'Participation 10 MALES'!$D$2:$AD$38,27,FALSE()),"CHECK ID")) -> 205

Sheet General Information 11 MALES
A1: SN | B1: Name (English) | C1: Name (Arabic) | D1: Academic ID | E1: Total Points
A2: 1 | B2: Nawaf Tamim Sami Omar | C2: نواف تميم سامي عمر | D2: 334072239 | E2: =IF(OR(COUNTIF('Attendance 11 MALES'!$D$2:$D$41,D2)=0,COUNTIF('Participation 11 MALES'!$D$2:$D$42,D2)=0),"CHECK ID",IFERROR(VLOOKUP(D2,'Attendance 11 MALES'!$D$2:$AE$41,28,FALSE())+VLOOKUP(D2,'Participation 11 MALES'!$D$2:$AD$42,27,FALSE()),"CHECK ID")) -> 132
A3: 2 | B3: Mishari Saif Mohannad Hazem | C3: مشاري سيف مهند حازم | D3: 371255186 | E3: =IF(OR(COUNTIF('Attendance 11 MALES'!$D$2:$D$41,D3)=0,COUNTIF('Participation 11 MALES'!$D$2:$D$42,D3)=0),"CHECK ID",IFERROR(VLOOKUP(D3,'Attendance 11 MALES'!$D$2:$AE$41,28,FALSE())+VLOOKUP(D3,'Participation 11 MALES'!$D$2:$AD$42,27,FALSE()),"CHECK ID")) -> 181
A4: 3 | B4: Omar Iyad Fahad Hussein | C4: عمر إياد فهد حسين | D4: 408438133 | E4: =IF(OR(COUNTIF('Attendance 11 MALES'!$D$2:$D$41,D4)=0,COUNTIF('Participation 11 MALES'!$D$2:$D$42,D4)=0),"CHECK ID",IFERROR(VLOOKUP(D4,'Attendance 11 MALES'!$D$2:$AE$41,28,FALSE())+VLOOKUP(D4,'Participation 11 MALES'!$D$2:$AD$42,27,FALSE()),"CHECK ID")) -> 145
A5: 4 | B5: Tariq Sultan Saleh Mishari | C5: طارق سلطان صالح مشاري | D5: 445621080 | E5: =IF(OR(COUNTIF('Attendance 11 MALES'!$D$2:$D$41,D5)=0,COUNTIF('Participation 11 MALES'!$D$2:$D$42,D5)=0),"CHECK ID",IFERROR(VLOOKUP(D5,'Attendance 11 MALES'!$D$2:$AE$41,28,FALSE())+VLOOKUP(D5,'Participation 11 MALES'!$D$2:$AD$42,27,FALSE()),"CHECK ID")) -> 82
A6: 5 | B6: Salem Saud Abdulmajid Mansour | C6: سالم سعود عبدالمجيد منصور | D6: 482804027 | E6: =IF(OR(COUNTIF('Attendance 11 MALES'!$D$2:$D$41,D6)=0,COUNTIF('Participation 11 MALES'!$D$2:$D$42,D6)=0),"CHECK ID",IFERROR(VLOOKUP(D6,'Attendance 11 MALES'!$D$2:$AE$41,28,FALSE())+VLOOKUP(D6,'Participation 11 MALES'!$D$2:$AD$42,27,FALSE()),"CHECK ID")) -> 147
A7: 6 | B7: Anas Badr Jihad Saad | C7: أنس بدر جهاد سعد | D7: 519986974 | E7: =IF(OR(COUNTIF('Attendance 11 MALES'!$D$2:$D$41,D7)=0,COUNTIF('Participation 11 MALES'!$D$2:$D$42,D7)=0),"CHECK ID",IFERROR(VLOOKUP(D7,'Attendance 11 MALES'!$D$2:$AE$41,28,FALSE())+VLOOKUP(D7,'Participation 11 MALES'!$D$2:$AD$42,27,FALSE()),"CHECK ID")) -> 160
A8: 7 | B8: Muath Rashid Saif Jihad | C8: معاذ راشد سيف جهاد | D8: 557169921 | E8: =IF(OR(COUNTIF('Attendance 11 MALES'!$D$2:$D$41,D8)=0,COUNTIF('Participation 11 MALES'!$D$2:$D$42,D8)=0),"CHECK ID",IFERROR(VLOOKUP(D8,'Attendance 11 MALES'!$D$2:$AE$41,28,FALSE())+VLOOKUP(D8,'Participation 11 MALES'!$D$2:$AD$42,27,FALSE()),"CHECK ID")) -> 155
A9: 8 | B9: Adel Ayman Abdulaziz Muath | C9: عادل أيمن عبدالعزيز معاذ | D9: 594352868 | E9: =IF(OR(COUNTIF('Attendance 11 MALES'!$D$2:$D$41,D9)=0,COUNTIF('Participation 11 MALES'!$D$2:$D$42,D9)=0),"CHECK ID",IFERROR(VLOOKUP(D9,'Attendance 11 MALES'!$D$2:$AE$41,28,FALSE())+VLOOKUP(D9,'Participation 11 MALES'!$D$2:$AD$42,27,FALSE()),"CHECK ID")) -> 170
A10: 9 | B10: Yousef Muath Yasser Saif | C10: يوسف معاذ ياسر سيف | D10: 631535815 | E10: =IF(OR(COUNTIF('Attendance 11 MALES'!$D$2:$D$41,D10)=0,COUNTIF('Participation 11 MALES'!$D$2:$D$42,D10)=0),"CHECK ID",IFERROR(VLOOKUP(D10,'Attendance 11 MALES'!$D$2:$AE$41,28,FALSE())+VLOOKUP(D10,'Participation 11 MALES'!$D$2:$AD$42,27,FALSE()),"CHECK ID")) -> 167
A11: 10 | B11: Ibrahim Rami Jassim Badr | C11: إبراهيم رامي جاسم بدر | D11: 668718762 | E11: =IF(OR(COUNTIF('Attendance 11 MALES'!$D$2:$D$41,D11)=0,COUNTIF('Participation 11 MALES'!$D$2:$D$42,D11)=0),"CHECK ID",IFERROR(VLOOKUP(D11,'Attendance 11 MALES'!$D$2:$AE$41,28,FALSE())+VLOOKUP(D11,'Participation 11 MALES'!$D$2:$AD$42,27,FALSE()),"CHECK ID")) -> 209
A12: 11 | B12: Abdullah Saleh Basheer Rashid | C12: عبدالله صالح بشير راشد | D12: 705901709 | E12: =IF(OR(COUNTIF('Attendance 11 MALES'!$D$2:$D$41,D12)=0,COUNTIF('Participation 11 MALES'!$D$2:$D$42,D12)=0),"CHECK ID",IFERROR(VLOOKUP(D12,'Attendance 11 MALES'!$D$2:$AE$41,28,FALSE())+VLOOKUP(D12,'Participation 11 MALES'!$D$2:$AD$42,27,FALSE()),"CHECK ID")) -> 171
A13: 12 | B13: Majed Majed Abdulmalik Adel | C13: ماجد ماجد عبدالملك عادل | D13: 743084656 | E13: =IF(OR(COUNTIF('Attendance 11 MALES'!$D$2:$D$41,D13)=0,COUNTIF('Participation 11 MALES'!$D$2:$D$42,D13)=0),"CHECK ID",IFERROR(VLOOKUP(D13,'Attendance 11 MALES'!$D$2:$AE$41,28,FALSE())+VLOOKUP(D13,'Participation 11 MALES'!$D$2:$AD$42,27,FALSE()),"CHECK ID")) -> 169
... A36: 35 | B36: Rashid Thamer Sami Marzouq | C36: راشد ثامر سامي مرزوق | D36: 598292437 | E36: =IF(OR(COUNTIF('Attendance 11 MALES'!$D$2:$D$41,D36)=0,COUNTIF('Participation 11 MALES'!$D$2:$D$42,D36)=0),"CHECK ID",IFERROR(VLOOKUP(D36,'Attendance 11 MALES'!$D$2:$AE$41,28,FALSE())+VLOOKUP(D36,'Participation 11 MALES'!$D$2:$AD$42,27,FALSE()),"CHECK ID")) -> 82

Sheet General Information 12 MALES
A1: SN | B1: Name (English) | C1: Name (Arabic) | D1: Academic ID | E1: Total Points
A2: 1 | B2: Ibrahim Adel Marwan Majed | C2: إبراهيم عادل مروان ماجد | D2: 336072239 | E2: =IF(OR(COUNTIF('Attendance 12 MALES'!$D$2:$D$34,D2)=0,COUNTIF('Participation 12 MALES'!$D$2:$D$34,D2)=0),"CHECK ID",IFERROR(VLOOKUP(D2,'Attendance 12 MALES'!$D$2:$AE$34,28,FALSE())+VLOOKUP(D2,'Participation 12 MALES'!$D$2:$AD$34,27,FALSE()),"CHECK ID")) -> 131
A3: 2 | B3: Bandar Iyad Waleed Adnan | C3: بندر إياد وليد عدنان | D3: 373255186 | E3: =IF(OR(COUNTIF('Attendance 12 MALES'!$D$2:$D$34,D3)=0,COUNTIF('Participation 12 MALES'!$D$2:$D$34,D3)=0),"CHECK ID",IFERROR(VLOOKUP(D3,'Attendance 12 MALES'!$D$2:$AE$34,28,FALSE())+VLOOKUP(D3,'Participation 12 MALES'!$D$2:$AD$34,27,FALSE()),"CHECK ID")) -> 178
A4: 3 | B4: Sami Yazeed Munther Saleh | C4: سامي يزيد منذر صالح | D4: 410438133 | E4: =IF(OR(COUNTIF('Attendance 12 MALES'!$D$2:$D$34,D4)=0,COUNTIF('Participation 12 MALES'!$D$2:$D$34,D4)=0),"CHECK ID",IFERROR(VLOOKUP(D4,'Attendance 12 MALES'!$D$2:$AE$34,28,FALSE())+VLOOKUP(D4,'Participation 12 MALES'!$D$2:$AD$34,27,FALSE()),"CHECK ID")) -> 100
A5: 4 | B5: Thamer Saif Nayef Hamad | C5: ثامر سيف نايف حمد | D5: 447621080 | E5: =IF(OR(COUNTIF('Attendance 12 MALES'!$D$2:$D$34,D5)=0,COUNTIF('Participation 12 MALES'!$D$2:$D$34,D5)=0),"CHECK ID",IFERROR(VLOOKUP(D5,'Attendance 12 MALES'!$D$2:$AE$34,28,FALSE())+VLOOKUP(D5,'Participation 12 MALES'!$D$2:$AD$34,27,FALSE()),"CHECK ID")) -> 111
A6: 5 | B6: Bandar Hussam Rashid Ayman | C6: بندر حسام راشد أيمن | D6: 484804027 | E6: =IF(OR(COUNTIF('Attendance 12 MALES'!$D$2:$D$34,D6)=0,COUNTIF('Participation 12 MALES'!$D$2:$D$34,D6)=0),"CHECK ID",IFERROR(VLOOKUP(D6,'Attendance 12 MALES'!$D$2:$AE$34,28,FALSE())+VLOOKUP(D6,'Participation 12 MALES'!$D$2:$AD$34,27,FALSE()),"CHECK ID")) -> 142
A7: 6 | B7: Yazeed Waleed Ali Saad | C7: يزيد وليد علي سعد | D7: 521986974 | E7: =IF(OR(COUNTIF('Attendance 12 MALES'!$D$2:$D$34,D7)=0,COUNTIF('Participation 12 MALES'!$D$2:$D$34,D7)=0),"CHECK ID",IFERROR(VLOOKUP(D7,'Attendance 12 MALES'!$D$2:$AE$34,28,FALSE())+VLOOKUP(D7,'Participation 12 MALES'!$D$2:$AD$34,27,FALSE()),"CHECK ID")) -> 179
A8: 7 | B8: Yousef Salem Badr Abdullah | C8: يوسف سالم بدر عبدالله | D8: 559169921 | E8: =IF(OR(COUNTIF('Attendance 12 MALES'!$D$2:$D$34,D8)=0,COUNTIF('Participation 12 MALES'!$D$2:$D$34,D8)=0),"CHECK ID",IFERROR(VLOOKUP(D8,'Attendance 12 MALES'!$D$2:$AE$34,28,FALSE())+VLOOKUP(D8,'Participation 12 MALES'!$D$2:$AD$34,27,FALSE()),"CHECK ID")) -> 193
A9: 8 | B9: Abdulaziz Marwan Salem Nayef | C9: عبدالعزيز مروان سالم نايف | D9: 596352868 | E9: =IF(OR(COUNTIF('Attendance 12 MALES'!$D$2:$D$34,D9)=0,COUNTIF('Participation 12 MALES'!$D$2:$D$34,D9)=0),"CHECK ID",IFERROR(VLOOKUP(D9,'Attendance 12 MALES'!$D$2:$AE$34,28,FALSE())+VLOOKUP(D9,'Participation 12 MALES'!$D$2:$AD$34,27,FALSE()),"CHECK ID")) -> 187
A10: 9 | B10: Yousef Marzouq Badr Hussam | C10: يوسف مرزوق بدر حسام | D10: 633535815 | E10: =IF(OR(COUNTIF('Attendance 12 MALES'!$D$2:$D$34,D10)=0,COUNTIF('Participation 12 MALES'!$D$2:$D$34,D10)=0),"CHECK ID",IFERROR(VLOOKUP(D10,'Attendance 12 MALES'!$D$2:$AE$34,28,FALSE())+VLOOKUP(D10,'Participation 12 MALES'!$D$2:$AD$34,27,FALSE()),"CHECK ID")) -> 133
A11: 10 | B11: Rayan Yazeed Muath Nasser | C11: ريان يزيد معاذ ناصر | D11: 670718762 | E11: =IF(OR(COUNTIF('Attendance 12 MALES'!$D$2:$D$34,D11)=0,COUNTIF('Participation 12 MALES'!$D$2:$D$34,D11)=0),"CHECK ID",IFERROR(VLOOKUP(D11,'Attendance 12 MALES'!$D$2:$AE$34,28,FALSE())+VLOOKUP(D11,'Participation 12 MALES'!$D$2:$AD$34,27,FALSE()),"CHECK ID")) -> 65
A12: 11 | B12: Munther Hadi Ayman Mohannad | C12: منذر هادي أيمن مهند | D12: 707901709 | E12: =IF(OR(COUNTIF('Attendance 12 MALES'!$D$2:$D$34,D12)=0,COUNTIF('Participation 12 MALES'!$D$2:$D$34,D12)=0),"CHECK ID",IFERROR(VLOOKUP(D12,'Attendance 12 MALES'!$D$2:$AE$34,28,FALSE())+VLOOKUP(D12,'Participation 12 MALES'!$D$2:$AD$34,27,FALSE()),"CHECK ID")) -> 137
A13: 12 | B13: Badr Tariq Bassam Rayan | C13: بدر طارق بسام ريان | D13: 745084656 | E13: =IF(OR(COUNTIF('Attendance 12 MALES'!$D$2:$D$34,D13)=0,COUNTIF('Participation 12 MALES'!$D$2:$D$34,D13)=0),"CHECK ID",IFERROR(VLOOKUP(D13,'Attendance 12 MALES'!$D$2:$AE$34,28,FALSE())+VLOOKUP(D13,'Participation 12 MALES'!$D$2:$AD$34,27,FALSE()),"CHECK ID")) -> 163
... A31: 30 | B31: Sultan Bandar Rakan Abdulrahman | C31: سلطان بندر راكان عبدالرحمن | D31: 414377702 | E31: =IF(OR(COUNTIF('Attendance 12 MALES'!$D$2:$D$34,D31)=0,COUNTIF('Participation 12 MALES'!$D$2:$D$34,D31)=0),"CHECK ID",IFERROR(VLOOKUP(D31,'Attendance 12 MALES'!$D$2:$AE$34,28,FALSE())+VLOOKUP(D31,'Participation 12 MALES'!$D$2:$AD$34,27,FALSE()),"CHECK ID")) -> 91
